id,corridor_id,start_slot,end_slot,conflict_mode,impact_weight
TR00001,C1,1,2,HARD,10
TR00002,C2,3,5,SOFT,1
TR00003,C3,7,8,SOFT,7
TR00004,C4,10,12,SOFT,3
TR00005,C5,12,13,SOFT,1
TR00006,C6,16,17,HARD,10
TR00007,C7,18,20,SOFT,1
TR00008,C8,21,23,SOFT,3
TR00009,C9,25,27,SOFT,1
TR00010,C10,27,29,SOFT,7
TR00011,C1,8,10,HARD,10
TR00012,C2,11,13,SOFT,5
TR00013,C3,15,16,SOFT,3
TR00014,C4,17,18,SOFT,3
TR00015,C5,21,23,SOFT,1
TR00016,C6,23,25,HARD,10
TR00017,C7,26,28,SOFT,3
TR00018,C8,29,31,SOFT,1
TR00019,C9,33,34,SOFT,3
TR00020,C10,35,36,SOFT,1
TR00021,C1,16,17,HARD,10
TR00022,C2,19,21,SOFT,3
TR00023,C3,22,23,SOFT,1
TR00024,C4,26,28,SOFT,5
TR00025,C5,28,29,SOFT,7
TR00026,C6,31,33,HARD,10
TR00027,C7,34,35,SOFT,3
TR00028,C8,37,39,SOFT,1
TR00029,C9,40,41,SOFT,7
TR00030,C10,43,45,SOFT,1
TR00031,C1,24,25,HARD,10
TR00032,C2,27,28,SOFT,1
TR00033,C3,31,33,SOFT,7
TR00034,C4,33,35,SOFT,5
TR00035,C5,37,38,SOFT,7
TR00036,C6,39,41,HARD,10
TR00037,C7,43,44,SOFT,1
TR00038,C8,46,48,SOFT,7
TR00039,C9,48,49,SOFT,5
TR00040,C10,51,53,SOFT,5
TR00041,C1,33,34,HARD,10
TR00042,C2,36,38,SOFT,1
TR00043,C3,38,40,SOFT,7
TR00044,C4,41,42,SOFT,1
TR00045,C5,44,46,SOFT,3
TR00046,C6,47,48,HARD,10
TR00047,C7,51,52,SOFT,5
TR00048,C8,53,54,SOFT,3
TR00049,C9,56,57,SOFT,7
TR00050,C10,59,61,SOFT,3
TR00051,C1,40,41,HARD,10
TR00052,C2,44,45,SOFT,5
TR00053,C3,46,47,SOFT,5
TR00054,C4,49,50,SOFT,7
TR00055,C5,53,55,SOFT,3
TR00056,C6,55,57,HARD,10
TR00057,C7,58,59,SOFT,3
TR00058,C8,61,63,SOFT,1
TR00059,C9,65,66,SOFT,3
TR00060,C10,67,68,SOFT,3
TR00061,C1,48,49,HARD,10
TR00062,C2,52,53,SOFT,3
TR00063,C3,54,55,SOFT,7
TR00064,C4,57,59,SOFT,7
TR00065,C5,60,62,SOFT,3
TR00066,C6,63,64,HARD,10
TR00067,C7,66,67,SOFT,7
TR00068,C8,69,70,SOFT,3
TR00069,C9,73,75,SOFT,7
TR00070,C10,76,77,SOFT,5
TR00071,C1,56,58,HARD,10
TR00072,C2,59,61,SOFT,7
TR00073,C3,62,63,SOFT,3
TR00074,C4,66,67,SOFT,3
TR00075,C5,68,70,SOFT,3
TR00076,C6,71,73,HARD,10
TR00077,C7,75,77,SOFT,1
TR00078,C8,77,78,SOFT,7
TR00079,C9,80,82,SOFT,1
TR00080,C10,83,85,SOFT,1
TR00081,C1,64,66,HARD,10
TR00082,C2,68,70,SOFT,3
TR00083,C3,71,73,SOFT,5
TR00084,C4,73,74,SOFT,3
TR00085,C5,77,78,SOFT,3
TR00086,C6,80,81,HARD,10
TR00087,C7,82,83,SOFT,1
TR00088,C8,85,86,SOFT,7
TR00089,C9,88,89,SOFT,3
TR00090,C10,92,93,SOFT,7
TR00091,C1,72,73,HARD,10
TR00092,C2,76,77,SOFT,5
TR00093,C3,78,80,SOFT,7
TR00094,C4,81,83,SOFT,5
TR00095,C5,85,87,SOFT,5
TR00096,C6,88,89,HARD,10
TR00097,C7,90,91,SOFT,1
TR00098,C8,93,94,SOFT,3
TR00099,C9,0,1,SOFT,1
TR00100,C10,3,5,SOFT,1
TR00101,C1,80,81,HARD,10
TR00102,C2,83,84,SOFT,3
TR00103,C3,86,88,SOFT,1
TR00104,C4,89,91,SOFT,7
TR00105,C5,92,93,SOFT,5
TR00106,C6,94,95,HARD,10
TR00107,C7,2,4,SOFT,7
TR00108,C8,6,7,SOFT,1
TR00109,C9,9,11,SOFT,5
TR00110,C10,12,13,SOFT,1
TR00111,C1,89,91,HARD,10
TR00112,C2,91,92,SOFT,1
TR00113,C3,94,96,SOFT,7
TR00114,C4,2,4,SOFT,7
TR00115,C5,5,7,SOFT,7
TR00116,C6,8,9,HARD,10
TR00117,C7,11,12,SOFT,5
TR00118,C8,14,15,SOFT,5
TR00119,C9,16,18,SOFT,3
TR00120,C10,19,20,SOFT,3
TR00121,C1,0,2,HARD,10
TR00122,C2,3,5,SOFT,3
TR00123,C3,7,9,SOFT,7
TR00124,C4,9,11,SOFT,5
TR00125,C5,12,14,SOFT,5
TR00126,C6,16,17,HARD,10
TR00127,C7,18,20,SOFT,1
TR00128,C8,21,22,SOFT,3
TR00129,C9,24,26,SOFT,5
TR00130,C10,28,29,SOFT,1
TR00131,C1,96,97,SOFT,1
TR00132,C2,99,101,SOFT,3
TR00133,C3,102,104,SOFT,1
TR00134,C4,105,106,SOFT,1
TR00135,C5,109,110,HARD,10
TR00136,C6,111,113,SOFT,5
TR00137,C7,115,117,SOFT,7
TR00138,C8,118,120,SOFT,3
TR00139,C9,121,123,SOFT,5
TR00140,C10,123,124,HARD,10
TR00141,C1,105,106,SOFT,5
TR00142,C2,108,110,SOFT,3
TR00143,C3,110,112,SOFT,5
TR00144,C4,113,115,SOFT,5
TR00145,C5,116,117,HARD,10
TR00146,C6,120,121,SOFT,1
TR00147,C7,122,124,SOFT,5
TR00148,C8,125,127,SOFT,3
TR00149,C9,129,130,SOFT,1
TR00150,C10,131,132,HARD,10
TR00151,C1,112,113,SOFT,3
TR00152,C2,115,116,SOFT,5
TR00153,C3,119,121,SOFT,7
TR00154,C4,122,123,SOFT,1
TR00155,C5,124,125,HARD,10
TR00156,C6,128,130,SOFT,1
TR00157,C7,130,132,SOFT,7
TR00158,C8,134,135,SOFT,7
TR00159,C9,137,138,SOFT,5
TR00160,C10,139,140,HARD,10
TR00161,C1,120,121,SOFT,3
TR00162,C2,123,124,SOFT,3
TR00163,C3,126,128,SOFT,1
TR00164,C4,130,131,SOFT,7
TR00165,C5,132,134,HARD,10
TR00166,C6,135,136,SOFT,7
TR00167,C7,139,141,SOFT,7
TR00168,C8,141,143,SOFT,5
TR00169,C9,144,146,SOFT,5
TR00170,C10,147,149,HARD,10
TR00171,C1,129,131,SOFT,1
TR00172,C2,131,132,SOFT,7
TR00173,C3,134,136,SOFT,1
TR00174,C4,137,139,SOFT,7
TR00175,C5,140,141,HARD,10
TR00176,C6,143,144,SOFT,1
TR00177,C7,146,148,SOFT,5
TR00178,C8,149,151,SOFT,5
TR00179,C9,153,155,SOFT,5
TR00180,C10,156,158,HARD,10
TR00181,C1,136,138,SOFT,7
TR00182,C2,139,141,SOFT,1
TR00183,C3,143,145,SOFT,3
TR00184,C4,146,147,SOFT,1
TR00185,C5,149,150,HARD,10
TR00186,C6,151,152,SOFT,1
TR00187,C7,154,155,SOFT,3
TR00188,C8,157,159,SOFT,7
TR00189,C9,160,161,SOFT,3
TR00190,C10,164,165,HARD,10
TR00191,C1,145,146,SOFT,1
TR00192,C2,148,149,SOFT,7
TR00193,C3,151,152,SOFT,1
TR00194,C4,154,156,SOFT,3
TR00195,C5,156,158,HARD,10
TR00196,C6,160,161,SOFT,5
TR00197,C7,162,164,SOFT,7
TR00198,C8,166,168,SOFT,1
TR00199,C9,168,170,SOFT,3
TR00200,C10,171,172,HARD,10
TR00201,C1,153,154,SOFT,1
TR00202,C2,155,157,SOFT,5
TR00203,C3,158,160,SOFT,7
TR00204,C4,162,163,SOFT,1
TR00205,C5,164,166,HARD,10
TR00206,C6,167,169,SOFT,1
TR00207,C7,170,171,SOFT,7
TR00208,C8,173,175,SOFT,3
TR00209,C9,176,177,SOFT,7
TR00210,C10,179,181,HARD,10
TR00211,C1,161,162,SOFT,7
TR00212,C2,164,166,SOFT,1
TR00213,C3,166,167,SOFT,5
TR00214,C4,169,171,SOFT,5
TR00215,C5,172,173,HARD,10
TR00216,C6,175,176,SOFT,7
TR00217,C7,178,180,SOFT,1
TR00218,C8,181,183,SOFT,3
TR00219,C9,185,187,SOFT,3
TR00220,C10,188,189,HARD,10
TR00221,C1,168,169,SOFT,7
TR00222,C2,171,173,SOFT,1
TR00223,C3,174,176,SOFT,3
TR00224,C4,177,178,SOFT,3
TR00225,C5,181,183,HARD,10
TR00226,C6,183,185,SOFT,5
TR00227,C7,186,188,SOFT,5
TR00228,C8,190,191,SOFT,7
TR00229,C9,96,97,SOFT,5
TR00230,C10,99,101,HARD,10
TR00231,C1,176,177,SOFT,1
TR00232,C2,180,181,SOFT,7
TR00233,C3,182,183,SOFT,5
TR00234,C4,186,188,SOFT,3
TR00235,C5,188,190,HARD,10
TR00236,C6,190,192,SOFT,1
TR00237,C7,98,100,SOFT,5
TR00238,C8,102,104,SOFT,5
TR00239,C9,104,106,SOFT,7
TR00240,C10,108,109,HARD,10
TR00241,C1,185,187,SOFT,5
TR00242,C2,187,189,SOFT,5
TR00243,C3,190,192,SOFT,1
TR00244,C4,98,100,SOFT,7
TR00245,C5,100,101,HARD,10
TR00246,C6,103,104,SOFT,5
TR00247,C7,106,107,SOFT,7
TR00248,C8,110,111,SOFT,5
TR00249,C9,112,114,SOFT,1
TR00250,C10,115,116,HARD,10
TR00251,C1,96,98,SOFT,7
TR00252,C2,99,100,SOFT,1
TR00253,C3,103,105,SOFT,1
TR00254,C4,106,107,SOFT,3
TR00255,C5,108,109,HARD,10
TR00256,C6,111,112,SOFT,3
TR00257,C7,114,116,SOFT,7
TR00258,C8,118,119,SOFT,5
TR00259,C9,120,121,SOFT,7
TR00260,C10,123,124,HARD,10
TR00261,C1,193,194,SOFT,3
TR00262,C2,196,198,SOFT,3
TR00263,C3,198,199,SOFT,1
TR00264,C4,201,203,HARD,10
TR00265,C5,204,205,SOFT,5
TR00266,C6,208,209,SOFT,1
TR00267,C7,210,211,SOFT,7
TR00268,C8,213,214,SOFT,7
TR00269,C9,216,218,HARD,10
TR00270,C10,219,221,SOFT,3
TR00271,C1,200,201,SOFT,3
TR00272,C2,204,205,SOFT,7
TR00273,C3,206,207,SOFT,3
TR00274,C4,210,211,HARD,10
TR00275,C5,212,213,SOFT,1
TR00276,C6,215,216,SOFT,1
TR00277,C7,218,219,SOFT,3
TR00278,C8,221,223,SOFT,5
TR00279,C9,224,226,HARD,10
TR00280,C10,228,230,SOFT,3
TR00281,C1,209,211,SOFT,7
TR00282,C2,211,212,SOFT,3
TR00283,C3,215,216,SOFT,7
TR00284,C4,218,220,HARD,10
TR00285,C5,221,223,SOFT,7
TR00286,C6,223,224,SOFT,7
TR00287,C7,226,227,SOFT,1
TR00288,C8,230,231,SOFT,7
TR00289,C9,232,234,HARD,10
TR00290,C10,235,237,SOFT,5
TR00291,C1,216,218,SOFT,5
TR00292,C2,219,221,SOFT,3
TR00293,C3,222,223,SOFT,5
TR00294,C4,225,227,HARD,10
TR00295,C5,229,230,SOFT,7
TR00296,C6,232,233,SOFT,1
TR00297,C7,235,236,SOFT,3
TR00298,C8,237,239,SOFT,5
TR00299,C9,240,241,HARD,10
TR00300,C10,244,245,SOFT,7
TR00301,C1,224,226,SOFT,7
TR00302,C2,228,230,SOFT,1
TR00303,C3,230,232,SOFT,3
TR00304,C4,233,235,HARD,10
TR00305,C5,237,239,SOFT,5
TR00306,C6,239,241,SOFT,7
TR00307,C7,242,243,SOFT,3
TR00308,C8,245,246,SOFT,3
TR00309,C9,249,250,HARD,10
TR00310,C10,251,252,SOFT,7
TR00311,C1,232,233,SOFT,5
TR00312,C2,235,237,SOFT,1
TR00313,C3,239,240,SOFT,5
TR00314,C4,241,243,HARD,10
TR00315,C5,244,245,SOFT,5
TR00316,C6,248,249,SOFT,7
TR00317,C7,251,253,SOFT,3
TR00318,C8,253,255,SOFT,7
TR00319,C9,257,258,HARD,10
TR00320,C10,260,262,SOFT,1
TR00321,C1,241,243,SOFT,3
TR00322,C2,243,244,SOFT,7
TR00323,C3,247,249,SOFT,7
TR00324,C4,250,252,HARD,10
TR00325,C5,253,254,SOFT,1
TR00326,C6,255,257,SOFT,1
TR00327,C7,258,260,SOFT,5
TR00328,C8,261,263,SOFT,5
TR00329,C9,264,265,HARD,10
TR00330,C10,268,270,SOFT,1
TR00331,C1,248,249,SOFT,7
TR00332,C2,251,252,SOFT,1
TR00333,C3,255,257,SOFT,1
TR00334,C4,257,258,HARD,10
TR00335,C5,260,261,SOFT,3
TR00336,C6,263,264,SOFT,1
TR00337,C7,267,269,SOFT,7
TR00338,C8,269,271,SOFT,1
TR00339,C9,272,273,HARD,10
TR00340,C10,276,278,SOFT,1
TR00341,C1,257,259,SOFT,3
TR00342,C2,259,261,SOFT,7
TR00343,C3,262,263,SOFT,7
TR00344,C4,265,267,HARD,10
TR00345,C5,268,269,SOFT,3
TR00346,C6,271,272,SOFT,5
TR00347,C7,274,275,SOFT,5
TR00348,C8,277,279,SOFT,7
TR00349,C9,281,282,HARD,10
TR00350,C10,284,285,SOFT,1
TR00351,C1,264,265,SOFT,1
TR00352,C2,267,268,SOFT,5
TR00353,C3,270,271,SOFT,1
TR00354,C4,274,275,HARD,10
TR00355,C5,277,279,SOFT,1
TR00356,C6,279,281,SOFT,7
TR00357,C7,282,284,SOFT,1
TR00358,C8,285,287,SOFT,1
TR00359,C9,192,193,HARD,10
TR00360,C10,196,197,SOFT,7
TR00361,C1,273,275,SOFT,7
TR00362,C2,275,277,SOFT,7
TR00363,C3,278,280,SOFT,5
TR00364,C4,281,283,HARD,10
TR00365,C5,284,286,SOFT,1
TR00366,C6,286,287,SOFT,7
TR00367,C7,194,195,SOFT,3
TR00368,C8,197,199,SOFT,5
TR00369,C9,200,201,HARD,10
TR00370,C10,203,205,SOFT,1
TR00371,C1,280,281,SOFT,1
TR00372,C2,284,285,SOFT,7
TR00373,C3,286,288,SOFT,1
TR00374,C4,194,196,HARD,10
TR00375,C5,196,197,SOFT,1
TR00376,C6,199,201,SOFT,1
TR00377,C7,202,203,SOFT,5
TR00378,C8,205,206,SOFT,3
TR00379,C9,208,210,HARD,10
TR00380,C10,212,213,SOFT,7
TR00381,C1,192,193,SOFT,5
TR00382,C2,196,197,SOFT,1
TR00383,C3,198,199,SOFT,7
TR00384,C4,201,203,HARD,10
TR00385,C5,204,205,SOFT,5
TR00386,C6,208,209,SOFT,5
TR00387,C7,211,212,SOFT,3
TR00388,C8,213,215,SOFT,1
TR00389,C9,216,218,HARD,10
TR00390,C10,219,220,SOFT,3
TR00391,C1,289,290,SOFT,1
TR00392,C2,291,292,SOFT,3
TR00393,C3,294,295,HARD,10
TR00394,C4,298,300,SOFT,1
TR00395,C5,301,302,SOFT,3
TR00396,C6,303,305,SOFT,1
TR00397,C7,306,308,SOFT,7
TR00398,C8,309,310,HARD,10
TR00399,C9,312,313,SOFT,3
TR00400,C10,315,316,SOFT,1
TR00401,C1,296,297,SOFT,5
TR00402,C2,299,301,SOFT,5
TR00403,C3,302,303,HARD,10
TR00404,C4,305,307,SOFT,3
TR00405,C5,309,311,SOFT,1
TR00406,C6,311,313,SOFT,3
TR00407,C7,315,316,SOFT,3
TR00408,C8,318,320,HARD,10
TR00409,C9,321,323,SOFT,1
TR00410,C10,324,326,SOFT,3
TR00411,C1,305,307,SOFT,3
TR00412,C2,307,308,SOFT,3
TR00413,C3,311,313,HARD,10
TR00414,C4,313,315,SOFT,5
TR00415,C5,316,318,SOFT,5
TR00416,C6,320,322,SOFT,5
TR00417,C7,323,325,SOFT,1
TR00418,C8,325,326,HARD,10
TR00419,C9,328,329,SOFT,5
TR00420,C10,332,334,SOFT,7
TR00421,C1,312,313,SOFT,1
TR00422,C2,316,318,SOFT,7
TR00423,C3,319,320,HARD,10
TR00424,C4,321,323,SOFT,5
TR00425,C5,324,325,SOFT,1
TR00426,C6,327,328,SOFT,1
TR00427,C7,330,331,SOFT,1
TR00428,C8,333,334,HARD,10
TR00429,C9,336,338,SOFT,1
TR00430,C10,339,341,SOFT,7
TR00431,C1,320,321,SOFT,7
TR00432,C2,323,324,SOFT,1
TR00433,C3,327,328,HARD,10
TR00434,C4,330,331,SOFT,3
TR00435,C5,333,335,SOFT,5
TR00436,C6,336,338,SOFT,3
TR00437,C7,339,341,SOFT,5
TR00438,C8,341,342,HARD,10
TR00439,C9,345,346,SOFT,7
TR00440,C10,347,348,SOFT,7
TR00441,C1,328,329,SOFT,1
TR00442,C2,332,334,SOFT,1
TR00443,C3,335,336,HARD,10
TR00444,C4,337,338,SOFT,5
TR00445,C5,341,343,SOFT,5
TR00446,C6,343,344,SOFT,3
TR00447,C7,347,349,SOFT,7
TR00448,C8,349,350,HARD,10
TR00449,C9,352,353,SOFT,3
TR00450,C10,355,356,SOFT,5
TR00451,C1,336,338,SOFT,5
TR00452,C2,339,341,SOFT,3
TR00453,C3,343,345,HARD,10
TR00454,C4,345,346,SOFT,1
TR00455,C5,348,349,SOFT,7
TR00456,C6,351,352,SOFT,1
TR00457,C7,354,356,SOFT,7
TR00458,C8,357,359,HARD,10
TR00459,C9,360,361,SOFT,1
TR00460,C10,363,365,SOFT,7
TR00461,C1,344,345,SOFT,3
TR00462,C2,347,349,SOFT,7
TR00463,C3,350,351,HARD,10
TR00464,C4,354,356,SOFT,7
TR00465,C5,357,358,SOFT,1
TR00466,C6,359,360,SOFT,7
TR00467,C7,362,364,SOFT,5
TR00468,C8,365,366,HARD,10
TR00469,C9,368,369,SOFT,3
TR00470,C10,372,373,SOFT,3
TR00471,C1,352,353,SOFT,5
TR00472,C2,355,357,SOFT,1
TR00473,C3,358,359,HARD,10
TR00474,C4,362,364,SOFT,7
TR00475,C5,364,366,SOFT,3
TR00476,C6,368,370,SOFT,5
TR00477,C7,370,371,SOFT,5
TR00478,C8,374,375,HARD,10
TR00479,C9,376,378,SOFT,5
TR00480,C10,380,382,SOFT,5
TR00481,C1,360,362,SOFT,7
TR00482,C2,364,365,SOFT,5
TR00483,C3,367,369,HARD,10
TR00484,C4,370,372,SOFT,5
TR00485,C5,373,374,SOFT,1
TR00486,C6,375,376,SOFT,3
TR00487,C7,378,379,SOFT,1
TR00488,C8,381,383,HARD,10
TR00489,C9,289,291,SOFT,7
TR00490,C10,291,293,SOFT,5
TR00491,C1,368,370,SOFT,3
TR00492,C2,372,374,SOFT,7
TR00493,C3,374,376,HARD,10
TR00494,C4,377,379,SOFT,1
TR00495,C5,381,383,SOFT,7
TR00496,C6,382,383,SOFT,3
TR00497,C7,290,291,SOFT,1
TR00498,C8,293,295,HARD,10
TR00499,C9,296,298,SOFT,3
TR00500,C10,299,301,SOFT,5
TR00501,C1,377,379,SOFT,1
TR00502,C2,379,380,SOFT,5
TR00503,C3,382,383,HARD,10
TR00504,C4,289,290,SOFT,5
TR00505,C5,292,293,SOFT,5
TR00506,C6,295,296,SOFT,7
TR00507,C7,298,300,SOFT,3
TR00508,C8,301,303,HARD,10
TR00509,C9,304,306,SOFT,1
TR00510,C10,308,309,SOFT,5
TR00511,C1,289,291,SOFT,7
TR00512,C2,291,292,SOFT,7
TR00513,C3,294,295,HARD,10
TR00514,C4,297,299,SOFT,1
TR00515,C5,300,302,SOFT,1
TR00516,C6,303,305,SOFT,7
TR00517,C7,306,307,SOFT,5
TR00518,C8,309,311,HARD,10
TR00519,C9,313,314,SOFT,5
TR00520,C10,315,317,SOFT,1
TR00521,C1,385,387,SOFT,1
TR00522,C2,387,388,HARD,10
TR00523,C3,391,393,SOFT,1
TR00524,C4,393,394,SOFT,7
TR00525,C5,396,398,SOFT,5
TR00526,C6,400,402,SOFT,3
TR00527,C7,402,403,HARD,10
TR00528,C8,405,406,SOFT,1
TR00529,C9,408,409,SOFT,3
TR00530,C10,411,412,SOFT,5
TR00531,C1,393,395,SOFT,7
TR00532,C2,395,397,HARD,10
TR00533,C3,398,399,SOFT,5
TR00534,C4,401,403,SOFT,1
TR00535,C5,405,406,SOFT,7
TR00536,C6,407,408,SOFT,3
TR00537,C7,411,412,HARD,10
TR00538,C8,413,414,SOFT,3
TR00539,C9,416,418,SOFT,3
TR00540,C10,420,421,SOFT,5
TR00541,C1,400,401,SOFT,5
TR00542,C2,404,405,HARD,10
TR00543,C3,406,408,SOFT,1
TR00544,C4,409,410,SOFT,3
TR00545,C5,412,413,SOFT,7
TR00546,C6,416,418,SOFT,3
TR00547,C7,418,420,HARD,10
TR00548,C8,422,424,SOFT,7
TR00549,C9,424,425,SOFT,3
TR00550,C10,427,428,SOFT,1
TR00551,C1,409,410,SOFT,3
TR00552,C2,411,412,HARD,10
TR00553,C3,414,416,SOFT,5
TR00554,C4,417,419,SOFT,3
TR00555,C5,421,422,SOFT,7
TR00556,C6,423,424,SOFT,7
TR00557,C7,426,427,HARD,10
TR00558,C8,430,431,SOFT,1
TR00559,C9,432,434,SOFT,5
TR00560,C10,436,437,SOFT,3
TR00561,C1,416,417,SOFT,7
TR00562,C2,419,420,HARD,10
TR00563,C3,422,423,SOFT,1
TR00564,C4,426,428,SOFT,7
TR00565,C5,428,429,SOFT,1
TR00566,C6,432,433,SOFT,1
TR00567,C7,434,436,HARD,10
TR00568,C8,437,438,SOFT,3
TR00569,C9,440,441,SOFT,5
TR00570,C10,443,445,SOFT,1
TR00571,C1,424,425,SOFT,7
TR00572,C2,427,428,HARD,10
TR00573,C3,430,432,SOFT,5
TR00574,C4,433,435,SOFT,7
TR00575,C5,436,437,SOFT,7
TR00576,C6,439,440,SOFT,1
TR00577,C7,443,445,HARD,10
TR00578,C8,446,448,SOFT,7
TR00579,C9,448,449,SOFT,3
TR00580,C10,451,452,SOFT,1
TR00581,C1,432,433,SOFT,5
TR00582,C2,436,437,HARD,10
TR00583,C3,439,440,SOFT,1
TR00584,C4,441,442,SOFT,3
TR00585,C5,444,445,SOFT,3
TR00586,C6,447,449,SOFT,3
TR00587,C7,450,451,HARD,10
TR00588,C8,454,456,SOFT,5
TR00589,C9,456,458,SOFT,5
TR00590,C10,459,461,SOFT,3
TR00591,C1,440,442,SOFT,5
TR00592,C2,443,445,HARD,10
TR00593,C3,446,448,SOFT,1
TR00594,C4,449,450,SOFT,1
TR00595,C5,453,454,SOFT,5
TR00596,C6,455,456,SOFT,3
TR00597,C7,458,460,HARD,10
TR00598,C8,461,463,SOFT,5
TR00599,C9,464,465,SOFT,3
TR00600,C10,468,470,SOFT,5
TR00601,C1,448,450,SOFT,7
TR00602,C2,452,453,HARD,10
TR00603,C3,454,456,SOFT,5
TR00604,C4,457,459,SOFT,1
TR00605,C5,460,462,SOFT,7
TR00606,C6,463,464,SOFT,1
TR00607,C7,467,469,HARD,10
TR00608,C8,469,470,SOFT,1
TR00609,C9,472,473,SOFT,7
TR00610,C10,476,477,SOFT,3
TR00611,C1,457,459,SOFT,5
TR00612,C2,460,462,HARD,10
TR00613,C3,463,465,SOFT,1
TR00614,C4,466,468,SOFT,7
TR00615,C5,468,469,SOFT,1
TR00616,C6,472,473,SOFT,7
TR00617,C7,474,475,HARD,10
TR00618,C8,477,479,SOFT,3
TR00619,C9,384,386,SOFT,3
TR00620,C10,387,389,SOFT,3
TR00621,C1,464,465,SOFT,3
TR00622,C2,467,468,HARD,10
TR00623,C3,470,472,SOFT,5
TR00624,C4,474,476,SOFT,1
TR00625,C5,476,477,SOFT,5
TR00626,C6,478,480,SOFT,3
TR00627,C7,386,387,HARD,10
TR00628,C8,390,391,SOFT,3
TR00629,C9,392,393,SOFT,3
TR00630,C10,395,397,SOFT,5
TR00631,C1,472,474,SOFT,7
TR00632,C2,475,476,HARD,10
TR00633,C3,478,480,SOFT,7
TR00634,C4,386,388,SOFT,5
TR00635,C5,388,390,SOFT,5
TR00636,C6,391,392,SOFT,3
TR00637,C7,394,395,HARD,10
TR00638,C8,397,399,SOFT,7
TR00639,C9,401,402,SOFT,1
TR00640,C10,403,405,SOFT,7
TR00641,C1,384,386,SOFT,5
TR00642,C2,387,388,HARD,10
TR00643,C3,390,392,SOFT,5
TR00644,C4,394,396,SOFT,5
TR00645,C5,397,398,SOFT,5
TR00646,C6,399,401,SOFT,5
TR00647,C7,402,404,HARD,10
TR00648,C8,405,406,SOFT,1
TR00649,C9,408,409,SOFT,5
TR00650,C10,412,414,SOFT,7
TR00651,C1,480,482,HARD,10
TR00652,C2,484,486,SOFT,7
TR00653,C3,486,488,SOFT,7
TR00654,C4,489,491,SOFT,5
TR00655,C5,492,494,SOFT,5
TR00656,C6,495,496,HARD,10
TR00657,C7,499,500,SOFT,3
TR00658,C8,502,503,SOFT,3
TR00659,C9,504,505,SOFT,5
TR00660,C10,508,510,SOFT,1
TR00661,C1,489,490,HARD,10
TR00662,C2,491,493,SOFT,5
TR00663,C3,494,495,SOFT,3
TR00664,C4,497,499,SOFT,1
TR00665,C5,500,502,SOFT,7
TR00666,C6,503,504,HARD,10
TR00667,C7,506,507,SOFT,1
TR00668,C8,509,510,SOFT,1
TR00669,C9,512,513,SOFT,3
TR00670,C10,515,517,SOFT,3
TR00671,C1,496,498,HARD,10
TR00672,C2,499,501,SOFT,3
TR00673,C3,502,504,SOFT,1
TR00674,C4,505,506,SOFT,3
TR00675,C5,508,510,SOFT,1
TR00676,C6,511,513,HARD,10
TR00677,C7,514,515,SOFT,1
TR00678,C8,517,518,SOFT,7
TR00679,C9,520,522,SOFT,7
TR00680,C10,523,525,SOFT,5
TR00681,C1,505,506,HARD,10
TR00682,C2,508,509,SOFT,5
TR00683,C3,511,512,SOFT,1
TR00684,C4,513,514,SOFT,7
TR00685,C5,517,518,SOFT,7
TR00686,C6,519,521,HARD,10
TR00687,C7,522,523,SOFT,7
TR00688,C8,525,527,SOFT,7
TR00689,C9,529,530,SOFT,5
TR00690,C10,532,534,SOFT,5
TR00691,C1,512,513,HARD,10
TR00692,C2,515,517,SOFT,1
TR00693,C3,518,519,SOFT,1
TR00694,C4,522,523,SOFT,1
TR00695,C5,524,525,SOFT,7
TR00696,C6,527,529,HARD,10
TR00697,C7,530,531,SOFT,1
TR00698,C8,533,534,SOFT,3
TR00699,C9,536,538,SOFT,1
TR00700,C10,539,541,SOFT,3
TR00701,C1,520,522,HARD,10
TR00702,C2,523,524,SOFT,3
TR00703,C3,526,528,SOFT,5
TR00704,C4,530,532,SOFT,3
TR00705,C5,532,533,SOFT,1
TR00706,C6,535,536,HARD,10
TR00707,C7,539,540,SOFT,7
TR00708,C8,541,542,SOFT,7
TR00709,C9,544,546,SOFT,7
TR00710,C10,547,548,SOFT,7
TR00711,C1,528,529,HARD,10
TR00712,C2,531,532,SOFT,1
TR00713,C3,534,535,SOFT,7
TR00714,C4,537,539,SOFT,3
TR00715,C5,540,542,SOFT,7
TR00716,C6,544,546,HARD,10
TR00717,C7,546,547,SOFT,1
TR00718,C8,549,551,SOFT,7
TR00719,C9,552,553,SOFT,5
TR00720,C10,555,556,SOFT,7
TR00721,C1,536,538,HARD,10
TR00722,C2,540,541,SOFT,3
TR00723,C3,542,543,SOFT,5
TR00724,C4,546,548,SOFT,7
TR00725,C5,548,550,SOFT,7
TR00726,C6,551,553,HARD,10
TR00727,C7,554,555,SOFT,3
TR00728,C8,557,558,SOFT,5
TR00729,C9,561,563,SOFT,5
TR00730,C10,563,565,SOFT,1
TR00731,C1,544,546,HARD,10
TR00732,C2,547,549,SOFT,5
TR00733,C3,551,553,SOFT,1
TR00734,C4,553,555,SOFT,1
TR00735,C5,556,558,SOFT,5
TR00736,C6,559,560,HARD,10
TR00737,C7,562,563,SOFT,1
TR00738,C8,565,566,SOFT,3
TR00739,C9,568,569,SOFT,7
TR00740,C10,571,572,SOFT,1
TR00741,C1,552,553,HARD,10
TR00742,C2,556,557,SOFT,5
TR00743,C3,558,560,SOFT,1
TR00744,C4,562,564,SOFT,1
TR00745,C5,564,566,SOFT,3
TR00746,C6,567,568,HARD,10
TR00747,C7,571,572,SOFT,1
TR00748,C8,574,575,SOFT,7
TR00749,C9,480,482,SOFT,5
TR00750,C10,483,484,SOFT,7
TR00751,C1,561,563,HARD,10
TR00752,C2,563,564,SOFT,1
TR00753,C3,566,568,SOFT,7
TR00754,C4,570,571,SOFT,3
TR00755,C5,572,574,SOFT,5
TR00756,C6,574,575,HARD,10
TR00757,C7,482,483,SOFT,1
TR00758,C8,486,488,SOFT,7
TR00759,C9,489,490,SOFT,3
TR00760,C10,491,493,SOFT,3
TR00761,C1,568,570,HARD,10
TR00762,C2,571,572,SOFT,1
TR00763,C3,574,575,SOFT,7
TR00764,C4,481,482,SOFT,5
TR00765,C5,484,485,SOFT,5
TR00766,C6,487,488,HARD,10
TR00767,C7,491,492,SOFT,7
TR00768,C8,493,494,SOFT,3
TR00769,C9,497,498,SOFT,7
TR00770,C10,499,501,SOFT,3
TR00771,C1,481,483,HARD,10
TR00772,C2,483,484,SOFT,3
TR00773,C3,486,488,SOFT,1
TR00774,C4,489,490,SOFT,3
TR00775,C5,492,494,SOFT,1
TR00776,C6,496,498,HARD,10
TR00777,C7,499,500,SOFT,3
TR00778,C8,502,504,SOFT,1
TR00779,C9,505,506,SOFT,7
TR00780,C10,507,509,SOFT,5
TR00781,C1,576,578,SOFT,3
TR00782,C2,580,582,SOFT,3
TR00783,C3,583,584,SOFT,3
TR00784,C4,586,588,SOFT,5
TR00785,C5,589,591,HARD,10
TR00786,C6,592,593,SOFT,7
TR00787,C7,594,595,SOFT,3
TR00788,C8,597,599,SOFT,1
TR00789,C9,601,602,SOFT,1
TR00790,C10,603,605,HARD,10
TR00791,C1,584,586,SOFT,5
TR00792,C2,587,589,SOFT,7
TR00793,C3,591,593,SOFT,1
TR00794,C4,593,595,SOFT,7
TR00795,C5,596,598,HARD,10
TR00796,C6,599,600,SOFT,3
TR00797,C7,603,604,SOFT,7
TR00798,C8,606,607,SOFT,5
TR00799,C9,608,609,SOFT,1
TR00800,C10,612,613,HARD,10
TR00801,C1,592,594,SOFT,5
TR00802,C2,596,598,SOFT,3
TR00803,C3,598,599,SOFT,3
TR00804,C4,601,602,SOFT,5
TR00805,C5,605,607,HARD,10
TR00806,C6,607,608,SOFT,5
TR00807,C7,610,612,SOFT,5
TR00808,C8,613,614,SOFT,7
TR00809,C9,617,619,SOFT,7
TR00810,C10,620,622,HARD,10
TR00811,C1,601,603,SOFT,1
TR00812,C2,604,606,SOFT,5
TR00813,C3,606,608,SOFT,3
TR00814,C4,610,611,SOFT,7
TR00815,C5,612,613,HARD,10
TR00816,C6,616,617,SOFT,7
TR00817,C7,618,619,SOFT,7
TR00818,C8,621,622,SOFT,7
TR00819,C9,625,626,SOFT,1
TR00820,C10,628,630,HARD,10
TR00821,C1,608,609,SOFT,1
TR00822,C2,612,614,SOFT,3
TR00823,C3,614,615,SOFT,5
TR00824,C4,617,619,SOFT,3
TR00825,C5,620,622,HARD,10
TR00826,C6,623,624,SOFT,7
TR00827,C7,626,628,SOFT,3
TR00828,C8,629,630,SOFT,1
TR00829,C9,632,634,SOFT,3
TR00830,C10,635,636,HARD,10
TR00831,C1,617,619,SOFT,7
TR00832,C2,619,620,SOFT,1
TR00833,C3,622,623,SOFT,7
TR00834,C4,625,627,SOFT,7
TR00835,C5,628,630,HARD,10
TR00836,C6,631,632,SOFT,7
TR00837,C7,635,637,SOFT,5
TR00838,C8,637,638,SOFT,5
TR00839,C9,641,642,SOFT,5
TR00840,C10,643,645,HARD,10
TR00841,C1,625,626,SOFT,3
TR00842,C2,627,629,SOFT,7
TR00843,C3,630,631,SOFT,7
TR00844,C4,634,635,SOFT,7
TR00845,C5,636,638,HARD,10
TR00846,C6,640,641,SOFT,5
TR00847,C7,642,644,SOFT,5
TR00848,C8,645,647,SOFT,3
TR00849,C9,648,649,SOFT,5
TR00850,C10,651,652,HARD,10
TR00851,C1,632,633,SOFT,1
TR00852,C2,636,638,SOFT,7
TR00853,C3,639,640,SOFT,1
TR00854,C4,641,642,SOFT,3
TR00855,C5,645,647,HARD,10
TR00856,C6,647,649,SOFT,1
TR00857,C7,650,651,SOFT,3
TR00858,C8,654,656,SOFT,3
TR00859,C9,656,657,SOFT,5
TR00860,C10,659,661,HARD,10
TR00861,C1,641,642,SOFT,3
TR00862,C2,643,645,SOFT,7
TR00863,C3,646,647,SOFT,5
TR00864,C4,649,651,SOFT,3
TR00865,C5,652,653,HARD,10
TR00866,C6,656,658,SOFT,7
TR00867,C7,658,660,SOFT,3
TR00868,C8,661,663,SOFT,1
TR00869,C9,664,665,SOFT,1
TR00870,C10,668,670,HARD,10
TR00871,C1,648,650,SOFT,1
TR00872,C2,651,652,SOFT,3
TR00873,C3,654,656,SOFT,3
TR00874,C4,658,660,SOFT,3
TR00875,C5,661,663,HARD,10
TR00876,C6,663,664,SOFT,5
TR00877,C7,667,669,SOFT,7
TR00878,C8,669,671,SOFT,5
TR00879,C9,577,578,SOFT,5
TR00880,C10,579,581,HARD,10
TR00881,C1,656,657,SOFT,7
TR00882,C2,660,662,SOFT,7
TR00883,C3,663,664,SOFT,3
TR00884,C4,666,668,SOFT,5
TR00885,C5,668,669,HARD,10
TR00886,C6,670,671,SOFT,3
TR00887,C7,578,579,SOFT,7
TR00888,C8,581,582,SOFT,7
TR00889,C9,584,586,SOFT,5
TR00890,C10,587,589,HARD,10
TR00891,C1,665,667,SOFT,3
TR00892,C2,667,668,SOFT,7
TR00893,C3,670,672,SOFT,5
TR00894,C4,577,578,SOFT,3
TR00895,C5,581,582,HARD,10
TR00896,C6,583,584,SOFT,1
TR00897,C7,587,589,SOFT,5
TR00898,C8,590,592,SOFT,7
TR00899,C9,592,593,SOFT,3
TR00900,C10,595,596,HARD,10
TR00901,C1,576,578,SOFT,7
TR00902,C2,579,580,SOFT,3
TR00903,C3,582,583,SOFT,5
TR00904,C4,586,588,SOFT,7
TR00905,C5,588,589,HARD,10
TR00906,C6,591,593,SOFT,5
TR00907,C7,594,596,SOFT,1
TR00908,C8,597,599,SOFT,5
TR00909,C9,600,601,SOFT,5
TR00910,C10,603,604,HARD,10
TR00911,C1,672,673,SOFT,5
TR00912,C2,675,676,SOFT,7
TR00913,C3,678,679,SOFT,5
TR00914,C4,681,683,HARD,10
TR00915,C5,684,686,SOFT,5
TR00916,C6,687,688,SOFT,7
TR00917,C7,690,692,SOFT,1
TR00918,C8,693,694,SOFT,7
TR00919,C9,697,698,HARD,10
TR00920,C10,699,700,SOFT,7
TR00921,C1,680,682,SOFT,5
TR00922,C2,683,684,SOFT,5
TR00923,C3,686,687,SOFT,1
TR00924,C4,689,691,HARD,10
TR00925,C5,692,694,SOFT,1
TR00926,C6,695,697,SOFT,7
TR00927,C7,698,699,SOFT,5
TR00928,C8,701,702,SOFT,7
TR00929,C9,704,706,HARD,10
TR00930,C10,707,709,SOFT,3
TR00931,C1,688,689,SOFT,1
TR00932,C2,692,693,SOFT,3
TR00933,C3,694,696,SOFT,7
TR00934,C4,697,698,HARD,10
TR00935,C5,700,702,SOFT,5
TR00936,C6,703,705,SOFT,7
TR00937,C7,707,708,SOFT,1
TR00938,C8,709,711,SOFT,5
TR00939,C9,712,713,HARD,10
TR00940,C10,716,718,SOFT,5
TR00941,C1,697,699,SOFT,1
TR00942,C2,699,701,SOFT,1
TR00943,C3,703,704,SOFT,7
TR00944,C4,705,706,HARD,10
TR00945,C5,708,709,SOFT,1
TR00946,C6,711,712,SOFT,1
TR00947,C7,714,715,SOFT,3
TR00948,C8,717,719,SOFT,5
TR00949,C9,720,722,HARD,10
TR00950,C10,723,725,SOFT,1
TR00951,C1,704,706,SOFT,1
TR00952,C2,707,709,SOFT,5
TR00953,C3,711,713,SOFT,3
TR00954,C4,713,714,HARD,10
TR00955,C5,716,718,SOFT,7
TR00956,C6,719,720,SOFT,5
TR00957,C7,722,723,SOFT,1
TR00958,C8,725,726,SOFT,1
TR00959,C9,728,729,HARD,10
TR00960,C10,732,733,SOFT,3
TR00961,C1,713,715,SOFT,3
TR00962,C2,716,717,SOFT,5
TR00963,C3,719,721,SOFT,3
TR00964,C4,722,723,HARD,10
TR00965,C5,725,727,SOFT,7
TR00966,C6,728,730,SOFT,1
TR00967,C7,730,731,SOFT,5
TR00968,C8,734,736,SOFT,5
TR00969,C9,737,738,HARD,10
TR00970,C10,739,740,SOFT,5
TR00971,C1,721,723,SOFT,5
TR00972,C2,723,725,SOFT,7
TR00973,C3,726,728,SOFT,1
TR00974,C4,730,732,HARD,10
TR00975,C5,732,733,SOFT,7
TR00976,C6,735,737,SOFT,1
TR00977,C7,738,739,SOFT,7
TR00978,C8,741,743,SOFT,5
TR00979,C9,744,746,HARD,10
TR00980,C10,747,748,SOFT,1
TR00981,C1,728,729,SOFT,3
TR00982,C2,732,734,SOFT,5
TR00983,C3,735,736,SOFT,3
TR00984,C4,737,738,HARD,10
TR00985,C5,741,742,SOFT,3
TR00986,C6,744,745,SOFT,1
TR00987,C7,746,747,SOFT,3
TR00988,C8,749,751,SOFT,7
TR00989,C9,752,753,HARD,10
TR00990,C10,755,757,SOFT,3
TR00991,C1,736,738,SOFT,5
TR00992,C2,739,741,SOFT,1
TR00993,C3,742,744,SOFT,5
TR00994,C4,746,747,HARD,10
TR00995,C5,748,749,SOFT,7
TR00996,C6,751,752,SOFT,5
TR00997,C7,755,756,SOFT,5
TR00998,C8,757,759,SOFT,5
TR00999,C9,760,761,HARD,10
TR01000,C10,764,766,SOFT,3
TR01001,C1,745,747,SOFT,5
TR01002,C2,748,750,SOFT,1
TR01003,C3,751,752,SOFT,3
TR01004,C4,753,754,HARD,10
TR01005,C5,756,757,SOFT,3
TR01006,C6,759,760,SOFT,5
TR01007,C7,762,764,SOFT,7
TR01008,C8,765,767,SOFT,7
TR01009,C9,673,675,HARD,10
TR01010,C10,675,676,SOFT,5
TR01011,C1,752,754,SOFT,5
TR01012,C2,756,758,SOFT,5
TR01013,C3,759,760,SOFT,7
TR01014,C4,762,764,HARD,10
TR01015,C5,765,766,SOFT,3
TR01016,C6,766,768,SOFT,7
TR01017,C7,675,676,SOFT,7
TR01018,C8,677,678,SOFT,1
TR01019,C9,680,682,HARD,10
TR01020,C10,683,684,SOFT,7
TR01021,C1,760,761,SOFT,3
TR01022,C2,763,765,SOFT,5
TR01023,C3,766,767,SOFT,3
TR01024,C4,673,675,HARD,10
TR01025,C5,676,678,SOFT,3
TR01026,C6,680,681,SOFT,1
TR01027,C7,683,685,SOFT,3
TR01028,C8,685,687,SOFT,7
TR01029,C9,688,689,HARD,10
TR01030,C10,691,692,SOFT,3
TR01031,C1,672,674,SOFT,5
TR01032,C2,676,678,SOFT,1
TR01033,C3,678,679,SOFT,1
TR01034,C4,681,683,HARD,10
TR01035,C5,684,685,SOFT,3
TR01036,C6,687,688,SOFT,1
TR01037,C7,691,692,SOFT,7
TR01038,C8,693,694,SOFT,7
TR01039,C9,696,697,HARD,10
TR01040,C10,700,702,SOFT,1
TR01041,C1,768,770,SOFT,1
TR01042,C2,772,773,SOFT,7
TR01043,C3,775,777,HARD,10
TR01044,C4,777,779,SOFT,5
TR01045,C5,780,781,SOFT,1
TR01046,C6,783,784,SOFT,1
TR01047,C7,786,788,SOFT,3
TR01048,C8,789,791,HARD,10
TR01049,C9,792,793,SOFT,3
TR01050,C10,795,797,SOFT,5
TR01051,C1,777,779,SOFT,5
TR01052,C2,779,780,SOFT,7
TR01053,C3,782,784,HARD,10
TR01054,C4,785,787,SOFT,3
TR01055,C5,789,790,SOFT,7
TR01056,C6,791,792,SOFT,3
TR01057,C7,795,797,SOFT,3
TR01058,C8,798,800,HARD,10
TR01059,C9,801,803,SOFT,7
TR01060,C10,804,805,SOFT,3
TR01061,C1,785,786,SOFT,3
TR01062,C2,788,789,SOFT,3
TR01063,C3,790,791,HARD,10
TR01064,C4,793,795,SOFT,1
TR01065,C5,797,798,SOFT,1
TR01066,C6,800,801,SOFT,5
TR01067,C7,802,803,SOFT,5
TR01068,C8,806,808,HARD,10
TR01069,C9,808,810,SOFT,7
TR01070,C10,812,813,SOFT,5
TR01071,C1,792,794,SOFT,7
TR01072,C2,796,798,SOFT,1
TR01073,C3,799,801,HARD,10
TR01074,C4,801,803,SOFT,7
TR01075,C5,804,806,SOFT,1
TR01076,C6,807,809,SOFT,7
TR01077,C7,810,812,SOFT,7
TR01078,C8,813,814,HARD,10
TR01079,C9,816,817,SOFT,5
TR01080,C10,819,820,SOFT,1
TR01081,C1,801,802,SOFT,1
TR01082,C2,804,806,SOFT,7
TR01083,C3,807,808,HARD,10
TR01084,C4,809,810,SOFT,3
TR01085,C5,813,815,SOFT,3
TR01086,C6,816,818,SOFT,3
TR01087,C7,818,820,SOFT,5
TR01088,C8,822,823,HARD,10
TR01089,C9,824,825,SOFT,3
TR01090,C10,828,829,SOFT,1
TR01091,C1,808,810,SOFT,1
TR01092,C2,812,813,SOFT,5
TR01093,C3,815,816,HARD,10
TR01094,C4,818,819,SOFT,1
TR01095,C5,821,822,SOFT,7
TR01096,C6,824,825,SOFT,3
TR01097,C7,827,828,SOFT,7
TR01098,C8,829,831,HARD,10
TR01099,C9,832,834,SOFT,3
TR01100,C10,835,837,SOFT,1
TR01101,C1,816,818,SOFT,7
TR01102,C2,820,822,SOFT,3
TR01103,C3,823,825,HARD,10
TR01104,C4,826,827,SOFT,5
TR01105,C5,828,829,SOFT,3
TR01106,C6,831,832,SOFT,7
TR01107,C7,834,835,SOFT,5
TR01108,C8,838,839,HARD,10
TR01109,C9,840,842,SOFT,1
TR01110,C10,844,845,SOFT,7
TR01111,C1,824,826,SOFT,5
TR01112,C2,827,829,SOFT,5
TR01113,C3,830,832,HARD,10
TR01114,C4,834,835,SOFT,3
TR01115,C5,836,838,SOFT,3
TR01116,C6,839,841,SOFT,5
TR01117,C7,843,845,SOFT,1
TR01118,C8,846,847,HARD,10
TR01119,C9,849,851,SOFT,3
TR01120,C10,851,852,SOFT,1
TR01121,C1,832,833,SOFT,7
TR01122,C2,836,837,SOFT,7
TR01123,C3,839,840,HARD,10
TR01124,C4,841,843,SOFT,7
TR01125,C5,844,846,SOFT,3
TR01126,C6,847,848,SOFT,7
TR01127,C7,850,851,SOFT,5
TR01128,C8,853,855,HARD,10
TR01129,C9,856,857,SOFT,5
TR01130,C10,859,860,SOFT,7
TR01131,C1,841,843,SOFT,1
TR01132,C2,843,845,SOFT,3
TR01133,C3,847,848,HARD,10
TR01134,C4,849,850,SOFT,7
TR01135,C5,852,854,SOFT,7
TR01136,C6,856,857,SOFT,5
TR01137,C7,859,860,SOFT,1
TR01138,C8,862,864,HARD,10
TR01139,C9,768,769,SOFT,7
TR01140,C10,771,772,SOFT,7
TR01141,C1,848,850,SOFT,3
TR01142,C2,851,853,SOFT,1
TR01143,C3,854,856,HARD,10
TR01144,C4,857,859,SOFT,5
TR01145,C5,860,862,SOFT,3
TR01146,C6,862,863,SOFT,1
TR01147,C7,770,772,SOFT,3
TR01148,C8,774,776,HARD,10
TR01149,C9,776,777,SOFT,7
TR01150,C10,779,780,SOFT,3
TR01151,C1,857,858,SOFT,5
TR01152,C2,860,862,SOFT,7
TR01153,C3,862,864,HARD,10
TR01154,C4,769,770,SOFT,5
TR01155,C5,773,775,SOFT,5
TR01156,C6,776,778,SOFT,1
TR01157,C7,778,780,SOFT,7
TR01158,C8,781,783,HARD,10
TR01159,C9,784,785,SOFT,1
TR01160,C10,788,789,SOFT,5
TR01161,C1,769,771,SOFT,1
TR01162,C2,771,773,SOFT,3
TR01163,C3,774,775,HARD,10
TR01164,C4,777,779,SOFT,1
TR01165,C5,781,783,SOFT,1
TR01166,C6,783,784,SOFT,7
TR01167,C7,786,788,SOFT,7
TR01168,C8,790,791,HARD,10
TR01169,C9,793,794,SOFT,3
TR01170,C10,795,796,SOFT,3
TR01171,C1,864,866,SOFT,5
TR01172,C2,868,869,HARD,10
TR01173,C3,870,871,SOFT,5
TR01174,C4,874,875,SOFT,5
TR01175,C5,877,878,SOFT,5
TR01176,C6,879,880,SOFT,7
TR01177,C7,882,884,HARD,10
TR01178,C8,886,887,SOFT,1
TR01179,C9,888,890,SOFT,7
TR01180,C10,891,893,SOFT,7
TR01181,C1,872,873,SOFT,1
TR01182,C2,876,878,HARD,10
TR01183,C3,879,880,SOFT,7
TR01184,C4,881,882,SOFT,3
TR01185,C5,885,887,SOFT,1
TR01186,C6,888,890,SOFT,7
TR01187,C7,890,891,HARD,10
TR01188,C8,893,894,SOFT,1
TR01189,C9,896,898,SOFT,3
TR01190,C10,900,902,SOFT,7
TR01191,C1,881,882,SOFT,3
TR01192,C2,884,886,HARD,10
TR01193,C3,887,889,SOFT,5
TR01194,C4,890,891,SOFT,1
TR01195,C5,892,893,SOFT,5
TR01196,C6,896,898,SOFT,5
TR01197,C7,898,899,HARD,10
TR01198,C8,901,902,SOFT,1
TR01199,C9,904,906,SOFT,5
TR01200,C10,907,909,SOFT,1
TR01201,C1,888,889,SOFT,3
TR01202,C2,891,893,HARD,10
TR01203,C3,894,896,SOFT,7
TR01204,C4,898,900,SOFT,1
TR01205,C5,900,901,SOFT,1
TR01206,C6,903,904,SOFT,5
TR01207,C7,906,908,HARD,10
TR01208,C8,910,911,SOFT,1
TR01209,C9,913,915,SOFT,7
TR01210,C10,915,916,SOFT,7
TR01211,C1,896,897,SOFT,5
TR01212,C2,900,902,HARD,10
TR01213,C3,903,905,SOFT,7
TR01214,C4,905,907,SOFT,3
TR01215,C5,908,910,SOFT,7
TR01216,C6,912,913,SOFT,5
TR01217,C7,914,915,HARD,10
TR01218,C8,918,920,SOFT,3
TR01219,C9,920,921,SOFT,7
TR01220,C10,923,924,SOFT,5
TR01221,C1,904,905,SOFT,3
TR01222,C2,907,908,HARD,10
TR01223,C3,910,912,SOFT,3
TR01224,C4,914,916,SOFT,3
TR01225,C5,916,918,SOFT,5
TR01226,C6,920,921,SOFT,5
TR01227,C7,922,923,HARD,10
TR01228,C8,925,926,SOFT,1
TR01229,C9,929,930,SOFT,5
TR01230,C10,931,932,SOFT,7
TR01231,C1,912,913,SOFT,5
TR01232,C2,915,916,HARD,10
TR01233,C3,918,920,SOFT,1
TR01234,C4,921,923,SOFT,1
TR01235,C5,924,925,SOFT,3
TR01236,C6,928,930,SOFT,1
TR01237,C7,930,931,HARD,10
TR01238,C8,933,935,SOFT,3
TR01239,C9,937,938,SOFT,3
TR01240,C10,939,940,SOFT,3
TR01241,C1,920,922,SOFT,5
TR01242,C2,924,925,HARD,10
TR01243,C3,926,928,SOFT,3
TR01244,C4,929,930,SOFT,3
TR01245,C5,932,933,SOFT,3
TR01246,C6,935,937,SOFT,1
TR01247,C7,938,940,HARD,10
TR01248,C8,941,943,SOFT,3
TR01249,C9,945,947,SOFT,7
TR01250,C10,947,949,SOFT,5
TR01251,C1,929,931,SOFT,5
TR01252,C2,931,933,HARD,10
TR01253,C3,934,936,SOFT,5
TR01254,C4,938,939,SOFT,7
TR01255,C5,940,942,SOFT,3
TR01256,C6,944,946,SOFT,3
TR01257,C7,946,948,HARD,10
TR01258,C8,949,950,SOFT,1
TR01259,C9,952,954,SOFT,1
TR01260,C10,956,957,SOFT,3
TR01261,C1,936,938,SOFT,7
TR01262,C2,940,942,HARD,10
TR01263,C3,943,945,SOFT,7
TR01264,C4,946,948,SOFT,7
TR01265,C5,948,950,SOFT,3
TR01266,C6,952,953,SOFT,3
TR01267,C7,954,956,HARD,10
TR01268,C8,958,960,SOFT,7
TR01269,C9,865,866,SOFT,5
TR01270,C10,867,869,SOFT,5
TR01271,C1,944,945,SOFT,1
TR01272,C2,948,949,HARD,10
TR01273,C3,951,953,SOFT,7
TR01274,C4,953,954,SOFT,5
TR01275,C5,957,959,SOFT,5
TR01276,C6,958,960,SOFT,5
TR01277,C7,866,867,HARD,10
TR01278,C8,869,871,SOFT,1
TR01279,C9,873,874,SOFT,5
TR01280,C10,875,877,SOFT,5
TR01281,C1,952,953,SOFT,1
TR01282,C2,955,956,HARD,10
TR01283,C3,958,959,SOFT,7
TR01284,C4,866,868,SOFT,3
TR01285,C5,869,870,SOFT,1
TR01286,C6,871,872,SOFT,7
TR01287,C7,875,877,HARD,10
TR01288,C8,878,880,SOFT,7
TR01289,C9,881,882,SOFT,1
TR01290,C10,884,886,SOFT,3
TR01291,C1,865,866,SOFT,7
TR01292,C2,867,868,HARD,10
TR01293,C3,870,871,SOFT,5
TR01294,C4,874,875,SOFT,3
TR01295,C5,876,877,SOFT,3
TR01296,C6,879,880,SOFT,1
TR01297,C7,883,885,HARD,10
TR01298,C8,885,887,SOFT,3
TR01299,C9,889,890,SOFT,1
TR01300,C10,892,894,SOFT,7
TR01301,C1,960,961,HARD,10
TR01302,C2,963,965,SOFT,7
TR01303,C3,967,968,SOFT,7
TR01304,C4,969,971,SOFT,3
TR01305,C5,972,974,SOFT,3
TR01306,C6,975,977,HARD,10
TR01307,C7,978,980,SOFT,1
TR01308,C8,981,983,SOFT,7
TR01309,C9,985,986,SOFT,1
TR01310,C10,988,989,SOFT,1
TR01311,C1,968,970,HARD,10
TR01312,C2,972,973,SOFT,5
TR01313,C3,974,975,SOFT,3
TR01314,C4,977,978,SOFT,1
TR01315,C5,980,981,SOFT,5
TR01316,C6,983,985,HARD,10
TR01317,C7,987,989,SOFT,7
TR01318,C8,990,992,SOFT,1
TR01319,C9,993,995,SOFT,7
TR01320,C10,996,997,SOFT,3
TR01321,C1,977,978,HARD,10
TR01322,C2,979,980,SOFT,1
TR01323,C3,982,983,SOFT,5
TR01324,C4,985,987,SOFT,5
TR01325,C5,989,991,SOFT,7
TR01326,C6,991,993,HARD,10
TR01327,C7,994,995,SOFT,5
TR01328,C8,997,998,SOFT,7
TR01329,C9,1000,1001,SOFT,7
TR01330,C10,1004,1006,SOFT,5
TR01331,C1,985,987,HARD,10
TR01332,C2,987,988,SOFT,7
TR01333,C3,990,992,SOFT,7
TR01334,C4,994,996,SOFT,1
TR01335,C5,996,998,SOFT,1
TR01336,C6,999,1000,HARD,10
TR01337,C7,1003,1005,SOFT,7
TR01338,C8,1006,1007,SOFT,5
TR01339,C9,1008,1010,SOFT,7
TR01340,C10,1011,1013,SOFT,7
TR01341,C1,992,993,HARD,10
TR01342,C2,995,996,SOFT,7
TR01343,C3,998,999,SOFT,1
TR01344,C4,1001,1002,SOFT,5
TR01345,C5,1004,1005,SOFT,7
TR01346,C6,1007,1008,HARD,10
TR01347,C7,1010,1011,SOFT,7
TR01348,C8,1013,1015,SOFT,1
TR01349,C9,1017,1018,SOFT,5
TR01350,C10,1019,1020,SOFT,5
TR01351,C1,1000,1002,HARD,10
TR01352,C2,1003,1005,SOFT,7
TR01353,C3,1006,1008,SOFT,5
TR01354,C4,1009,1011,SOFT,7
TR01355,C5,1012,1013,SOFT,3
TR01356,C6,1015,1016,HARD,10
TR01357,C7,1018,1020,SOFT,1
TR01358,C8,1022,1024,SOFT,5
TR01359,C9,1025,1027,SOFT,1
TR01360,C10,1027,1028,SOFT,5
TR01361,C1,1008,1009,HARD,10
TR01362,C2,1011,1013,SOFT,7
TR01363,C3,1014,1015,SOFT,5
TR01364,C4,1017,1018,SOFT,5
TR01365,C5,1020,1021,SOFT,1
TR01366,C6,1023,1024,HARD,10
TR01367,C7,1026,1027,SOFT,1
TR01368,C8,1030,1031,SOFT,1
TR01369,C9,1032,1034,SOFT,5
TR01370,C10,1035,1036,SOFT,3
TR01371,C1,1016,1018,HARD,10
TR01372,C2,1019,1021,SOFT,5
TR01373,C3,1023,1024,SOFT,7
TR01374,C4,1025,1026,SOFT,5
TR01375,C5,1029,1030,SOFT,3
TR01376,C6,1031,1033,HARD,10
TR01377,C7,1034,1035,SOFT,5
TR01378,C8,1037,1038,SOFT,1
TR01379,C9,1041,1042,SOFT,1
TR01380,C10,1044,1045,SOFT,3
TR01381,C1,1024,1025,HARD,10
TR01382,C2,1028,1030,SOFT,3
TR01383,C3,1030,1031,SOFT,3
TR01384,C4,1033,1035,SOFT,5
TR01385,C5,1036,1037,SOFT,7
TR01386,C6,1040,1042,HARD,10
TR01387,C7,1042,1043,SOFT,5
TR01388,C8,1045,1047,SOFT,3
TR01389,C9,1048,1049,SOFT,3
TR01390,C10,1051,1052,SOFT,5
TR01391,C1,1032,1033,HARD,10
TR01392,C2,1035,1036,SOFT,5
TR01393,C3,1038,1040,SOFT,5
TR01394,C4,1041,1043,SOFT,7
TR01395,C5,1044,1046,SOFT,5
TR01396,C6,1048,1049,HARD,10
TR01397,C7,1051,1052,SOFT,3
TR01398,C8,1054,1056,SOFT,7
TR01399,C9,961,962,SOFT,5
TR01400,C10,964,965,SOFT,1
TR01401,C1,1041,1042,HARD,10
TR01402,C2,1043,1044,SOFT,5
TR01403,C3,1046,1048,SOFT,1
TR01404,C4,1050,1051,SOFT,3
TR01405,C5,1052,1053,SOFT,1
TR01406,C6,1054,1056,HARD,10
TR01407,C7,963,965,SOFT,7
TR01408,C8,965,967,SOFT,7
TR01409,C9,969,971,SOFT,1
TR01410,C10,971,972,SOFT,5
TR01411,C1,1048,1050,HARD,10
TR01412,C2,1051,1053,SOFT,1
TR01413,C3,1054,1055,SOFT,7
TR01414,C4,962,964,SOFT,3
TR01415,C5,964,965,SOFT,5
TR01416,C6,967,969,HARD,10
TR01417,C7,970,972,SOFT,7
TR01418,C8,973,974,SOFT,1
TR01419,C9,976,978,SOFT,3
TR01420,C10,979,981,SOFT,7
TR01421,C1,960,962,HARD,10
TR01422,C2,963,964,SOFT,3
TR01423,C3,966,968,SOFT,1
TR01424,C4,969,971,SOFT,3
TR01425,C5,972,973,SOFT,5
TR01426,C6,975,977,HARD,10
TR01427,C7,979,980,SOFT,1
TR01428,C8,981,982,SOFT,3
TR01429,C9,985,987,SOFT,1
TR01430,C10,988,989,SOFT,7
TR01431,C1,1056,1057,SOFT,3
TR01432,C2,1059,1060,SOFT,3
TR01433,C3,1062,1063,SOFT,1
TR01434,C4,1066,1068,SOFT,1
TR01435,C5,1068,1069,HARD,10
TR01436,C6,1071,1073,SOFT,5
TR01437,C7,1074,1075,SOFT,5
TR01438,C8,1077,1079,SOFT,3
TR01439,C9,1080,1081,SOFT,5
TR01440,C10,1083,1084,HARD,10
TR01441,C1,1064,1066,SOFT,7
TR01442,C2,1067,1068,SOFT,3
TR01443,C3,1070,1071,SOFT,1
TR01444,C4,1073,1075,SOFT,3
TR01445,C5,1077,1078,HARD,10
TR01446,C6,1079,1080,SOFT,7
TR01447,C7,1082,1083,SOFT,5
TR01448,C8,1085,1086,SOFT,1
TR01449,C9,1089,1091,SOFT,3
TR01450,C10,1091,1092,HARD,10
TR01451,C1,1073,1075,SOFT,1
TR01452,C2,1075,1076,SOFT,5
TR01453,C3,1078,1080,SOFT,1
TR01454,C4,1081,1083,SOFT,1
TR01455,C5,1085,1087,HARD,10
TR01456,C6,1087,1089,SOFT,5
TR01457,C7,1090,1091,SOFT,5
TR01458,C8,1093,1094,SOFT,3
TR01459,C9,1097,1098,SOFT,5
TR01460,C10,1099,1101,HARD,10
TR01461,C1,1081,1083,SOFT,1
TR01462,C2,1083,1084,SOFT,3
TR01463,C3,1086,1088,SOFT,3
TR01464,C4,1090,1091,SOFT,5
TR01465,C5,1092,1094,HARD,10
TR01466,C6,1095,1097,SOFT,5
TR01467,C7,1098,1100,SOFT,3
TR01468,C8,1102,1104,SOFT,5
TR01469,C9,1104,1105,SOFT,3
TR01470,C10,1107,1109,HARD,10
TR01471,C1,1088,1089,SOFT,3
TR01472,C2,1092,1094,SOFT,1
TR01473,C3,1095,1096,SOFT,3
TR01474,C4,1097,1098,SOFT,7
TR01475,C5,1100,1102,HARD,10
TR01476,C6,1104,1105,SOFT,7
TR01477,C7,1107,1109,SOFT,3
TR01478,C8,1109,1110,SOFT,1
TR01479,C9,1112,1114,SOFT,1
TR01480,C10,1116,1117,HARD,10
TR01481,C1,1096,1098,SOFT,5
TR01482,C2,1099,1100,SOFT,1
TR01483,C3,1102,1103,SOFT,5
TR01484,C4,1105,1107,SOFT,7
TR01485,C5,1109,1111,HARD,10
TR01486,C6,1111,1112,SOFT,5
TR01487,C7,1114,1115,SOFT,7
TR01488,C8,1117,1119,SOFT,3
TR01489,C9,1120,1122,SOFT,5
TR01490,C10,1123,1124,HARD,10
TR01491,C1,1104,1105,SOFT,5
TR01492,C2,1108,1109,SOFT,3
TR01493,C3,1111,1112,SOFT,7
TR01494,C4,1113,1115,SOFT,5
TR01495,C5,1116,1118,HARD,10
TR01496,C6,1120,1121,SOFT,1
TR01497,C7,1123,1125,SOFT,3
TR01498,C8,1125,1127,SOFT,7
TR01499,C9,1128,1130,SOFT,1
TR01500,C10,1131,1133,HARD,10
TR01501,C1,1112,1114,SOFT,5
TR01502,C2,1116,1118,SOFT,3
TR01503,C3,1119,1120,SOFT,3
TR01504,C4,1121,1123,SOFT,1
TR01505,C5,1124,1125,HARD,10
TR01506,C6,1127,1128,SOFT,5
TR01507,C7,1131,1133,SOFT,1
TR01508,C8,1133,1135,SOFT,3
TR01509,C9,1136,1138,SOFT,7
TR01510,C10,1140,1141,HARD,10
TR01511,C1,1120,1121,SOFT,5
TR01512,C2,1124,1125,SOFT,1
TR01513,C3,1126,1128,SOFT,3
TR01514,C4,1129,1130,SOFT,7
TR01515,C5,1132,1134,HARD,10
TR01516,C6,1136,1137,SOFT,7
TR01517,C7,1138,1139,SOFT,3
TR01518,C8,1141,1143,SOFT,7
TR01519,C9,1145,1147,SOFT,5
TR01520,C10,1147,1148,HARD,10
TR01521,C1,1128,1129,SOFT,5
TR01522,C2,1131,1132,SOFT,1
TR01523,C3,1134,1135,SOFT,7
TR01524,C4,1138,1140,SOFT,3
TR01525,C5,1141,1142,HARD,10
TR01526,C6,1143,1145,SOFT,3
TR01527,C7,1146,1147,SOFT,1
TR01528,C8,1149,1150,SOFT,7
TR01529,C9,1057,1059,SOFT,7
TR01530,C10,1059,1061,HARD,10
TR01531,C1,1136,1137,SOFT,5
TR01532,C2,1140,1142,SOFT,3
TR01533,C3,1143,1145,SOFT,7
TR01534,C4,1145,1146,SOFT,3
TR01535,C5,1148,1150,HARD,10
TR01536,C6,1150,1151,SOFT,7
TR01537,C7,1058,1060,SOFT,7
TR01538,C8,1061,1063,SOFT,7
TR01539,C9,1064,1066,SOFT,5
TR01540,C10,1067,1069,HARD,10
TR01541,C1,1144,1146,SOFT,7
TR01542,C2,1148,1150,SOFT,7
TR01543,C3,1150,1152,SOFT,1
TR01544,C4,1058,1059,SOFT,1
TR01545,C5,1061,1062,HARD,10
TR01546,C6,1063,1065,SOFT,5
TR01547,C7,1066,1067,SOFT,7
TR01548,C8,1070,1072,SOFT,1
TR01549,C9,1072,1073,SOFT,3
TR01550,C10,1075,1076,HARD,10
TR01551,C1,1057,1058,SOFT,5
TR01552,C2,1060,1062,SOFT,3
TR01553,C3,1062,1064,SOFT,1
TR01554,C4,1065,1067,SOFT,3
TR01555,C5,1068,1069,HARD,10
TR01556,C6,1072,1074,SOFT,3
TR01557,C7,1074,1075,SOFT,5
TR01558,C8,1078,1079,SOFT,1
TR01559,C9,1080,1082,SOFT,5
TR01560,C10,1084,1086,HARD,10
TR01561,C1,1152,1153,SOFT,1
TR01562,C2,1155,1156,SOFT,7
TR01563,C3,1159,1160,SOFT,1
TR01564,C4,1161,1163,HARD,10
TR01565,C5,1164,1165,SOFT,5
TR01566,C6,1167,1169,SOFT,3
TR01567,C7,1171,1172,SOFT,3
TR01568,C8,1173,1175,SOFT,7
TR01569,C9,1176,1177,HARD,10
TR01570,C10,1179,1180,SOFT,1
TR01571,C1,1161,1163,SOFT,1
TR01572,C2,1163,1165,SOFT,5
TR01573,C3,1166,1168,SOFT,5
TR01574,C4,1170,1172,HARD,10
TR01575,C5,1172,1174,SOFT,5
TR01576,C6,1175,1176,SOFT,5
TR01577,C7,1178,1180,SOFT,7
TR01578,C8,1182,1183,SOFT,1
TR01579,C9,1185,1187,HARD,10
TR01580,C10,1188,1190,SOFT,7
TR01581,C1,1169,1170,SOFT,3
TR01582,C2,1172,1174,SOFT,7
TR01583,C3,1174,1176,SOFT,5
TR01584,C4,1177,1178,HARD,10
TR01585,C5,1180,1182,SOFT,3
TR01586,C6,1184,1185,SOFT,1
TR01587,C7,1186,1188,SOFT,5
TR01588,C8,1189,1191,SOFT,5
TR01589,C9,1192,1193,HARD,10
TR01590,C10,1196,1198,SOFT,7
TR01591,C1,1176,1178,SOFT,5
TR01592,C2,1179,1181,SOFT,3
TR01593,C3,1182,1183,SOFT,3
TR01594,C4,1185,1187,HARD,10
TR01595,C5,1188,1189,SOFT,3
TR01596,C6,1191,1193,SOFT,3
TR01597,C7,1194,1195,SOFT,1
TR01598,C8,1197,1198,SOFT,7
TR01599,C9,1200,1201,HARD,10
TR01600,C10,1203,1204,SOFT,3
TR01601,C1,1185,1186,SOFT,7
TR01602,C2,1188,1190,SOFT,3
TR01603,C3,1190,1192,SOFT,5
TR01604,C4,1194,1195,HARD,10
TR01605,C5,1196,1198,SOFT,7
TR01606,C6,1200,1202,SOFT,3
TR01607,C7,1202,1203,SOFT,1
TR01608,C8,1205,1207,SOFT,1
TR01609,C9,1208,1210,HARD,10
TR01610,C10,1211,1212,SOFT,1
TR01611,C1,1192,1193,SOFT,1
TR01612,C2,1196,1198,SOFT,5
TR01613,C3,1199,1201,SOFT,1
TR01614,C4,1202,1203,HARD,10
TR01615,C5,1205,1207,SOFT,5
TR01616,C6,1207,1208,SOFT,1
TR01617,C7,1211,1212,SOFT,3
TR01618,C8,1213,1215,SOFT,7
TR01619,C9,1217,1218,HARD,10
TR01620,C10,1219,1221,SOFT,3
TR01621,C1,1201,1202,SOFT,3
TR01622,C2,1204,1205,SOFT,7
TR01623,C3,1206,1207,SOFT,1
TR01624,C4,1210,1212,HARD,10
TR01625,C5,1212,1213,SOFT,1
TR01626,C6,1215,1216,SOFT,7
TR01627,C7,1219,1221,SOFT,7
TR01628,C8,1221,1223,SOFT,5
TR01629,C9,1224,1225,HARD,10
TR01630,C10,1228,1229,SOFT,1
TR01631,C1,1209,1210,SOFT,1
TR01632,C2,1211,1212,SOFT,5
TR01633,C3,1215,1216,SOFT,5
TR01634,C4,1217,1218,HARD,10
TR01635,C5,1220,1221,SOFT,3
TR01636,C6,1223,1225,SOFT,7
TR01637,C7,1227,1229,SOFT,5
TR01638,C8,1229,1231,SOFT,3
TR01639,C9,1232,1234,HARD,10
TR01640,C10,1236,1238,SOFT,5
TR01641,C1,1217,1219,SOFT,5
TR01642,C2,1219,1220,SOFT,7
TR01643,C3,1222,1224,SOFT,1
TR01644,C4,1225,1226,HARD,10
TR01645,C5,1228,1229,SOFT,7
TR01646,C6,1232,1234,SOFT,5
TR01647,C7,1235,1237,SOFT,1
TR01648,C8,1238,1240,SOFT,1
TR01649,C9,1241,1243,HARD,10
TR01650,C10,1243,1245,SOFT,7
TR01651,C1,1224,1225,SOFT,1
TR01652,C2,1227,1229,SOFT,3
TR01653,C3,1231,1233,SOFT,1
TR01654,C4,1233,1235,HARD,10
TR01655,C5,1236,1237,SOFT,3
TR01656,C6,1239,1240,SOFT,5
TR01657,C7,1242,1244,SOFT,5
TR01658,C8,1245,1247,SOFT,3
TR01659,C9,1152,1154,HARD,10
TR01660,C10,1156,1157,SOFT,3
TR01661,C1,1232,1234,SOFT,5
TR01662,C2,1235,1237,SOFT,7
TR01663,C3,1238,1240,SOFT,1
TR01664,C4,1242,1244,HARD,10
TR01665,C5,1244,1246,SOFT,5
TR01666,C6,1246,1247,SOFT,7
TR01667,C7,1155,1156,SOFT,5
TR01668,C8,1158,1159,SOFT,7
TR01669,C9,1160,1162,HARD,10
TR01670,C10,1164,1165,SOFT,3
TR01671,C1,1240,1241,SOFT,5
TR01672,C2,1243,1245,SOFT,7
TR01673,C3,1246,1248,SOFT,1
TR01674,C4,1153,1154,HARD,10
TR01675,C5,1156,1157,SOFT,5
TR01676,C6,1160,1161,SOFT,3
TR01677,C7,1162,1164,SOFT,1
TR01678,C8,1165,1167,SOFT,1
TR01679,C9,1169,1171,HARD,10
TR01680,C10,1171,1172,SOFT,3
TR01681,C1,1153,1154,SOFT,1
TR01682,C2,1156,1158,SOFT,3
TR01683,C3,1158,1159,SOFT,3
TR01684,C4,1161,1163,HARD,10
TR01685,C5,1165,1166,SOFT,3
TR01686,C6,1168,1169,SOFT,7
TR01687,C7,1170,1171,SOFT,1
TR01688,C8,1173,1174,SOFT,7
TR01689,C9,1176,1178,HARD,10
TR01690,C10,1179,1180,SOFT,3
TR01691,C1,1248,1250,SOFT,1
TR01692,C2,1252,1254,SOFT,1
TR01693,C3,1255,1256,HARD,10
TR01694,C4,1257,1258,SOFT,5
TR01695,C5,1261,1262,SOFT,3
TR01696,C6,1263,1264,SOFT,1
TR01697,C7,1266,1267,SOFT,3
TR01698,C8,1270,1271,HARD,10
TR01699,C9,1272,1273,SOFT,7
TR01700,C10,1275,1276,SOFT,1
TR01701,C1,1257,1258,SOFT,1
TR01702,C2,1260,1261,SOFT,7
TR01703,C3,1263,1264,HARD,10
TR01704,C4,1266,1268,SOFT,5
TR01705,C5,1268,1270,SOFT,5
TR01706,C6,1271,1273,SOFT,7
TR01707,C7,1274,1276,SOFT,5
TR01708,C8,1277,1279,HARD,10
TR01709,C9,1281,1283,SOFT,3
TR01710,C10,1283,1285,SOFT,5
TR01711,C1,1265,1267,SOFT,3
TR01712,C2,1267,1268,SOFT,7
TR01713,C3,1270,1271,HARD,10
TR01714,C4,1273,1274,SOFT,5
TR01715,C5,1276,1278,SOFT,5
TR01716,C6,1280,1282,SOFT,5
TR01717,C7,1282,1284,SOFT,3
TR01718,C8,1286,1287,HARD,10
TR01719,C9,1289,1290,SOFT,1
TR01720,C10,1292,1294,SOFT,7
TR01721,C1,1273,1275,SOFT,1
TR01722,C2,1275,1277,SOFT,5
TR01723,C3,1279,1281,HARD,10
TR01724,C4,1282,1283,SOFT,5
TR01725,C5,1284,1285,SOFT,5
TR01726,C6,1288,1290,SOFT,3
TR01727,C7,1291,1292,SOFT,1
TR01728,C8,1293,1295,HARD,10
TR01729,C9,1296,1298,SOFT,3
TR01730,C10,1299,1300,SOFT,3
TR01731,C1,1281,1283,SOFT,5
TR01732,C2,1283,1285,SOFT,5
TR01733,C3,1286,1288,HARD,10
TR01734,C4,1289,1290,SOFT,3
TR01735,C5,1293,1295,SOFT,7
TR01736,C6,1296,1298,SOFT,7
TR01737,C7,1299,1300,SOFT,5
TR01738,C8,1302,1303,HARD,10
TR01739,C9,1304,1306,SOFT,7
TR01740,C10,1308,1309,SOFT,1
TR01741,C1,1289,1290,SOFT,3
TR01742,C2,1291,1292,SOFT,1
TR01743,C3,1295,1297,HARD,10
TR01744,C4,1298,1300,SOFT,7
TR01745,C5,1300,1301,SOFT,3
TR01746,C6,1303,1304,SOFT,5
TR01747,C7,1306,1307,SOFT,3
TR01748,C8,1310,1312,HARD,10
TR01749,C9,1312,1313,SOFT,7
TR01750,C10,1315,1317,SOFT,1
TR01751,C1,1296,1298,SOFT,7
TR01752,C2,1300,1301,SOFT,7
TR01753,C3,1302,1304,HARD,10
TR01754,C4,1305,1306,SOFT,7
TR01755,C5,1309,1311,SOFT,7
TR01756,C6,1311,1312,SOFT,1
TR01757,C7,1314,1316,SOFT,1
TR01758,C8,1317,1318,HARD,10
TR01759,C9,1320,1321,SOFT,7
TR01760,C10,1324,1325,SOFT,5
TR01761,C1,1304,1306,SOFT,1
TR01762,C2,1308,1310,SOFT,7
TR01763,C3,1310,1312,HARD,10
TR01764,C4,1314,1315,SOFT,5
TR01765,C5,1317,1318,SOFT,5
TR01766,C6,1320,1322,SOFT,5
TR01767,C7,1322,1324,SOFT,5
TR01768,C8,1326,1327,HARD,10
TR01769,C9,1329,1330,SOFT,3
TR01770,C10,1331,1332,SOFT,1
TR01771,C1,1312,1314,SOFT,1
TR01772,C2,1315,1317,SOFT,7
TR01773,C3,1319,1320,HARD,10
TR01774,C4,1322,1324,SOFT,3
TR01775,C5,1325,1327,SOFT,5
TR01776,C6,1328,1330,SOFT,1
TR01777,C7,1330,1331,SOFT,3
TR01778,C8,1334,1336,HARD,10
TR01779,C9,1336,1338,SOFT,3
TR01780,C10,1340,1341,SOFT,5
TR01781,C1,1320,1321,SOFT,7
TR01782,C2,1323,1325,SOFT,7
TR01783,C3,1326,1328,HARD,10
TR01784,C4,1329,1330,SOFT,5
TR01785,C5,1332,1334,SOFT,7
TR01786,C6,1335,1336,SOFT,7
TR01787,C7,1338,1339,SOFT,7
TR01788,C8,1341,1343,HARD,10
TR01789,C9,1249,1251,SOFT,5
TR01790,C10,1251,1252,SOFT,1
TR01791,C1,1329,1330,SOFT,7
TR01792,C2,1331,1333,SOFT,5
TR01793,C3,1335,1336,HARD,10
TR01794,C4,1337,1339,SOFT,3
TR01795,C5,1340,1342,SOFT,3
TR01796,C6,1342,1344,SOFT,7
TR01797,C7,1250,1252,SOFT,3
TR01798,C8,1254,1255,HARD,10
TR01799,C9,1257,1258,SOFT,3
TR01800,C10,1259,1261,SOFT,1
TR01801,C1,1336,1337,SOFT,5
TR01802,C2,1339,1341,SOFT,7
TR01803,C3,1342,1344,HARD,10
TR01804,C4,1249,1251,SOFT,7
TR01805,C5,1252,1254,SOFT,7
TR01806,C6,1255,1256,SOFT,3
TR01807,C7,1258,1259,SOFT,1
TR01808,C8,1261,1262,HARD,10
TR01809,C9,1264,1265,SOFT,1
TR01810,C10,1268,1270,SOFT,5
TR01811,C1,1249,1251,SOFT,5
TR01812,C2,1251,1252,SOFT,1
TR01813,C3,1254,1255,HARD,10
TR01814,C4,1257,1259,SOFT,1
TR01815,C5,1260,1262,SOFT,3
TR01816,C6,1263,1264,SOFT,7
TR01817,C7,1266,1268,SOFT,7
TR01818,C8,1270,1272,HARD,10
TR01819,C9,1272,1273,SOFT,7
TR01820,C10,1275,1277,SOFT,1
TR01821,C1,1344,1345,SOFT,5
TR01822,C2,1347,1348,HARD,10
TR01823,C3,1351,1352,SOFT,5
TR01824,C4,1353,1355,SOFT,5
TR01825,C5,1357,1359,SOFT,7
TR01826,C6,1360,1362,SOFT,3
TR01827,C7,1363,1364,HARD,10
TR01828,C8,1365,1367,SOFT,3
TR01829,C9,1368,1370,SOFT,7
TR01830,C10,1371,1373,SOFT,1
TR01831,C1,1352,1354,SOFT,1
TR01832,C2,1355,1357,HARD,10
TR01833,C3,1359,1360,SOFT,1
TR01834,C4,1361,1363,SOFT,5
TR01835,C5,1364,1365,SOFT,7
TR01836,C6,1368,1370,SOFT,7
TR01837,C7,1370,1371,HARD,10
TR01838,C8,1374,1375,SOFT,5
TR01839,C9,1376,1378,SOFT,5
TR01840,C10,1379,1381,SOFT,7
TR01841,C1,1361,1363,SOFT,5
TR01842,C2,1363,1365,HARD,10
TR01843,C3,1366,1367,SOFT,1
TR01844,C4,1369,1371,SOFT,1
TR01845,C5,1372,1373,SOFT,1
TR01846,C6,1375,1376,SOFT,7
TR01847,C7,1379,1380,HARD,10
TR01848,C8,1382,1383,SOFT,5
TR01849,C9,1384,1385,SOFT,3
TR01850,C10,1387,1388,SOFT,3
TR01851,C1,1368,1369,SOFT,1
TR01852,C2,1371,1372,HARD,10
TR01853,C3,1375,1376,SOFT,1
TR01854,C4,1377,1379,SOFT,7
TR01855,C5,1380,1381,SOFT,1
TR01856,C6,1384,1386,SOFT,3
TR01857,C7,1387,1388,HARD,10
TR01858,C8,1390,1392,SOFT,1
TR01859,C9,1392,1394,SOFT,3
TR01860,C10,1396,1398,SOFT,7
TR01861,C1,1377,1379,SOFT,5
TR01862,C2,1380,1381,HARD,10
TR01863,C3,1382,1384,SOFT,5
TR01864,C4,1385,1387,SOFT,1
TR01865,C5,1388,1389,SOFT,1
TR01866,C6,1392,1393,SOFT,1
TR01867,C7,1395,1397,HARD,10
TR01868,C8,1397,1398,SOFT,5
TR01869,C9,1400,1402,SOFT,3
TR01870,C10,1403,1405,SOFT,3
TR01871,C1,1384,1386,SOFT,5
TR01872,C2,1387,1389,HARD,10
TR01873,C3,1390,1392,SOFT,3
TR01874,C4,1393,1395,SOFT,1
TR01875,C5,1396,1398,SOFT,7
TR01876,C6,1399,1401,SOFT,3
TR01877,C7,1403,1404,HARD,10
TR01878,C8,1405,1406,SOFT,5
TR01879,C9,1409,1410,SOFT,5
TR01880,C10,1411,1412,SOFT,5
TR01881,C1,1392,1393,SOFT,3
TR01882,C2,1395,1396,HARD,10
TR01883,C3,1398,1399,SOFT,3
TR01884,C4,1402,1404,SOFT,7
TR01885,C5,1405,1406,SOFT,1
TR01886,C6,1407,1409,SOFT,1
TR01887,C7,1410,1411,HARD,10
TR01888,C8,1414,1416,SOFT,7
TR01889,C9,1416,1418,SOFT,7
TR01890,C10,1420,1421,SOFT,3
TR01891,C1,1400,1401,SOFT,3
TR01892,C2,1404,1406,HARD,10
TR01893,C3,1406,1408,SOFT,7
TR01894,C4,1410,1411,SOFT,5
TR01895,C5,1413,1414,SOFT,1
TR01896,C6,1415,1416,SOFT,3
TR01897,C7,1419,1421,HARD,10
TR01898,C8,1422,1424,SOFT,3
TR01899,C9,1424,1426,SOFT,1
TR01900,C10,1427,1429,SOFT,3
TR01901,C1,1409,1411,SOFT,5
TR01902,C2,1411,1412,HARD,10
TR01903,C3,1414,1415,SOFT,5
TR01904,C4,1418,1420,SOFT,7
TR01905,C5,1420,1421,SOFT,3
TR01906,C6,1423,1424,SOFT,1
TR01907,C7,1426,1427,HARD,10
TR01908,C8,1430,1432,SOFT,3
TR01909,C9,1432,1434,SOFT,7
TR01910,C10,1435,1436,SOFT,7
TR01911,C1,1416,1417,SOFT,3
TR01912,C2,1419,1420,HARD,10
TR01913,C3,1423,1425,SOFT,5
TR01914,C4,1425,1426,SOFT,7
TR01915,C5,1429,1430,SOFT,1
TR01916,C6,1431,1433,SOFT,7
TR01917,C7,1434,1435,HARD,10
TR01918,C8,1438,1439,SOFT,1
TR01919,C9,1345,1346,SOFT,7
TR01920,C10,1347,1348,SOFT,5
TR01921,C1,1424,1425,SOFT,5
TR01922,C2,1427,1429,HARD,10
TR01923,C3,1430,1432,SOFT,3
TR01924,C4,1433,1435,SOFT,5
TR01925,C5,1436,1437,SOFT,7
TR01926,C6,1438,1439,SOFT,7
TR01927,C7,1347,1348,HARD,10
TR01928,C8,1349,1351,SOFT,7
TR01929,C9,1352,1353,SOFT,3
TR01930,C10,1356,1357,SOFT,5
TR01931,C1,1433,1435,SOFT,3
TR01932,C2,1435,1436,HARD,10
TR01933,C3,1438,1439,SOFT,3
TR01934,C4,1345,1346,SOFT,7
TR01935,C5,1349,1351,SOFT,1
TR01936,C6,1351,1353,SOFT,3
TR01937,C7,1355,1357,HARD,10
TR01938,C8,1357,1359,SOFT,1
TR01939,C9,1360,1361,SOFT,1
TR01940,C10,1363,1364,SOFT,3
TR01941,C1,1344,1345,SOFT,7
TR01942,C2,1348,1349,HARD,10
TR01943,C3,1350,1352,SOFT,3
TR01944,C4,1354,1355,SOFT,1
TR01945,C5,1356,1358,SOFT,3
TR01946,C6,1359,1361,SOFT,1
TR01947,C7,1362,1364,HARD,10
TR01948,C8,1366,1368,SOFT,5
TR01949,C9,1369,1370,SOFT,3
TR01950,C10,1371,1372,SOFT,5
TR01951,C1,1441,1442,HARD,10
TR01952,C2,1444,1445,SOFT,5
TR01953,C3,1446,1448,SOFT,1
TR01954,C4,1449,1450,SOFT,5
TR01955,C5,1452,1453,SOFT,5
TR01956,C6,1455,1457,HARD,10
TR01957,C7,1459,1460,SOFT,3
TR01958,C8,1462,1463,SOFT,5
TR01959,C9,1464,1466,SOFT,1
TR01960,C10,1467,1468,SOFT,3
TR01961,C1,1449,1451,HARD,10
TR01962,C2,1451,1453,SOFT,7
TR01963,C3,1454,1455,SOFT,3
TR01964,C4,1458,1460,SOFT,5
TR01965,C5,1460,1461,SOFT,1
TR01966,C6,1464,1465,HARD,10
TR01967,C7,1466,1467,SOFT,3
TR01968,C8,1469,1470,SOFT,3
TR01969,C9,1473,1474,SOFT,1
TR01970,C10,1476,1477,SOFT,1
TR01971,C1,1456,1458,HARD,10
TR01972,C2,1460,1461,SOFT,7
TR01973,C3,1462,1464,SOFT,5
TR01974,C4,1466,1468,SOFT,1
TR01975,C5,1469,1470,SOFT,5
TR01976,C6,1471,1472,HARD,10
TR01977,C7,1474,1476,SOFT,3
TR01978,C8,1478,1479,SOFT,1
TR01979,C9,1480,1482,SOFT,1
TR01980,C10,1484,1485,SOFT,5
TR01981,C1,1465,1466,HARD,10
TR01982,C2,1467,1469,SOFT,3
TR01983,C3,1470,1471,SOFT,5
TR01984,C4,1474,1476,SOFT,1
TR01985,C5,1477,1479,SOFT,5
TR01986,C6,1479,1480,HARD,10
TR01987,C7,1482,1483,SOFT,7
TR01988,C8,1485,1486,SOFT,1
TR01989,C9,1488,1490,SOFT,5
TR01990,C10,1491,1492,SOFT,7
TR01991,C1,1472,1473,HARD,10
TR01992,C2,1476,1477,SOFT,1
TR01993,C3,1478,1480,SOFT,1
TR01994,C4,1481,1482,SOFT,1
TR01995,C5,1484,1486,SOFT,7
TR01996,C6,1487,1489,HARD,10
TR01997,C7,1490,1491,SOFT,5
TR01998,C8,1494,1496,SOFT,5
TR01999,C9,1497,1498,SOFT,5
TR02000,C10,1499,1501,SOFT,1
TR02001,C1,1481,1482,HARD,10
TR02002,C2,1484,1486,SOFT,7
TR02003,C3,1487,1488,SOFT,1
TR02004,C4,1489,1490,SOFT,1
TR02005,C5,1492,1493,SOFT,3
TR02006,C6,1496,1498,HARD,10
TR02007,C7,1499,1501,SOFT,7
TR02008,C8,1502,1504,SOFT,1
TR02009,C9,1505,1506,SOFT,7
TR02010,C10,1507,1508,SOFT,1
TR02011,C1,1489,1491,HARD,10
TR02012,C2,1491,1493,SOFT,5
TR02013,C3,1494,1496,SOFT,7
TR02014,C4,1498,1500,SOFT,7
TR02015,C5,1500,1501,SOFT,3
TR02016,C6,1503,1505,HARD,10
TR02017,C7,1506,1508,SOFT,3
TR02018,C8,1509,1511,SOFT,3
TR02019,C9,1513,1515,SOFT,7
TR02020,C10,1515,1517,SOFT,1
TR02021,C1,1496,1498,HARD,10
TR02022,C2,1499,1500,SOFT,1
TR02023,C3,1502,1503,SOFT,7
TR02024,C4,1505,1506,SOFT,1
TR02025,C5,1508,1510,SOFT,7
TR02026,C6,1511,1513,HARD,10
TR02027,C7,1514,1515,SOFT,5
TR02028,C8,1517,1519,SOFT,5
TR02029,C9,1521,1522,SOFT,3
TR02030,C10,1524,1526,SOFT,1
TR02031,C1,1504,1506,HARD,10
TR02032,C2,1508,1509,SOFT,7
TR02033,C3,1511,1512,SOFT,5
TR02034,C4,1514,1516,SOFT,1
TR02035,C5,1516,1518,SOFT,5
TR02036,C6,1519,1521,HARD,10
TR02037,C7,1522,1524,SOFT,1
TR02038,C8,1525,1527,SOFT,5
TR02039,C9,1528,1530,SOFT,1
TR02040,C10,1532,1534,SOFT,5
TR02041,C1,1512,1514,HARD,10
TR02042,C2,1515,1516,SOFT,1
TR02043,C3,1518,1520,SOFT,1
TR02044,C4,1522,1523,SOFT,1
TR02045,C5,1524,1525,SOFT,5
TR02046,C6,1527,1528,HARD,10
TR02047,C7,1530,1531,SOFT,1
TR02048,C8,1534,1536,SOFT,5
TR02049,C9,1440,1441,SOFT,3
TR02050,C10,1443,1444,SOFT,1
TR02051,C1,1520,1521,HARD,10
TR02052,C2,1523,1525,SOFT,7
TR02053,C3,1527,1529,SOFT,1
TR02054,C4,1529,1531,SOFT,3
TR02055,C5,1533,1535,SOFT,1
TR02056,C6,1534,1535,HARD,10
TR02057,C7,1442,1443,SOFT,7
TR02058,C8,1446,1448,SOFT,3
TR02059,C9,1448,1450,SOFT,7
TR02060,C10,1451,1453,SOFT,7
TR02061,C1,1528,1530,HARD,10
TR02062,C2,1531,1532,SOFT,1
TR02063,C3,1534,1535,SOFT,5
TR02064,C4,1442,1443,SOFT,5
TR02065,C5,1444,1446,SOFT,1
TR02066,C6,1447,1448,HARD,10
TR02067,C7,1450,1451,SOFT,7
TR02068,C8,1454,1456,SOFT,5
TR02069,C9,1457,1458,SOFT,5
TR02070,C10,1459,1461,SOFT,1
TR02071,C1,1441,1442,HARD,10
TR02072,C2,1443,1445,SOFT,1
TR02073,C3,1446,1448,SOFT,1
TR02074,C4,1449,1450,SOFT,7
TR02075,C5,1453,1455,SOFT,3
TR02076,C6,1455,1457,HARD,10
TR02077,C7,1458,1459,SOFT,7
TR02078,C8,1461,1462,SOFT,7
TR02079,C9,1464,1466,SOFT,3
TR02080,C10,1467,1469,SOFT,1
TR02081,C1,1536,1538,SOFT,7
TR02082,C2,1540,1542,SOFT,7
TR02083,C3,1542,1544,SOFT,5
TR02084,C4,1546,1547,SOFT,3
TR02085,C5,1548,1550,HARD,10
TR02086,C6,1551,1552,SOFT,3
TR02087,C7,1554,1555,SOFT,1
TR02088,C8,1558,1559,SOFT,7
TR02089,C9,1560,1562,SOFT,7
TR02090,C10,1563,1564,HARD,10
TR02091,C1,1545,1547,SOFT,3
TR02092,C2,1548,1549,SOFT,1
TR02093,C3,1551,1552,SOFT,1
TR02094,C4,1553,1554,SOFT,3
TR02095,C5,1556,1557,HARD,10
TR02096,C6,1560,1562,SOFT,5
TR02097,C7,1562,1564,SOFT,1
TR02098,C8,1566,1568,SOFT,7
TR02099,C9,1568,1570,SOFT,5
TR02100,C10,1571,1572,HARD,10
TR02101,C1,1552,1554,SOFT,1
TR02102,C2,1555,1557,SOFT,5
TR02103,C3,1558,1559,SOFT,3
TR02104,C4,1562,1564,SOFT,3
TR02105,C5,1564,1565,HARD,10
TR02106,C6,1568,1570,SOFT,5
TR02107,C7,1570,1572,SOFT,7
TR02108,C8,1573,1574,SOFT,5
TR02109,C9,1576,1577,SOFT,3
TR02110,C10,1580,1581,HARD,10
TR02111,C1,1560,1561,SOFT,7
TR02112,C2,1563,1565,SOFT,1
TR02113,C3,1566,1567,SOFT,3
TR02114,C4,1569,1571,SOFT,5
TR02115,C5,1573,1574,HARD,10
TR02116,C6,1575,1577,SOFT,7
TR02117,C7,1579,1581,SOFT,3
TR02118,C8,1582,1583,SOFT,5
TR02119,C9,1584,1586,SOFT,1
TR02120,C10,1587,1588,HARD,10
TR02121,C1,1568,1570,SOFT,5
TR02122,C2,1572,1574,SOFT,1
TR02123,C3,1575,1577,SOFT,3
TR02124,C4,1577,1579,SOFT,7
TR02125,C5,1581,1582,HARD,10
TR02126,C6,1583,1585,SOFT,3
TR02127,C7,1587,1588,SOFT,3
TR02128,C8,1589,1590,SOFT,5
TR02129,C9,1592,1594,SOFT,3
TR02130,C10,1595,1597,HARD,10
TR02131,C1,1577,1578,SOFT,1
TR02132,C2,1579,1580,SOFT,7
TR02133,C3,1582,1583,SOFT,5
TR02134,C4,1586,1588,SOFT,5
TR02135,C5,1588,1589,HARD,10
TR02136,C6,1591,1592,SOFT,1
TR02137,C7,1594,1595,SOFT,3
TR02138,C8,1597,1598,SOFT,1
TR02139,C9,1601,1602,SOFT,1
TR02140,C10,1603,1604,HARD,10
TR02141,C1,1584,1585,SOFT,5
TR02142,C2,1588,1589,SOFT,5
TR02143,C3,1590,1592,SOFT,5
TR02144,C4,1594,1596,SOFT,7
TR02145,C5,1597,1599,HARD,10
TR02146,C6,1600,1602,SOFT,7
TR02147,C7,1602,1603,SOFT,3
TR02148,C8,1605,1606,SOFT,7
TR02149,C9,1608,1610,SOFT,1
TR02150,C10,1611,1612,HARD,10
TR02151,C1,1592,1593,SOFT,5
TR02152,C2,1595,1596,SOFT,5
TR02153,C3,1599,1600,SOFT,5
TR02154,C4,1601,1603,SOFT,1
TR02155,C5,1604,1605,HARD,10
TR02156,C6,1608,1610,SOFT,5
TR02157,C7,1611,1613,SOFT,5
TR02158,C8,1613,1614,SOFT,3
TR02159,C9,1616,1618,SOFT,5
TR02160,C10,1619,1621,HARD,10
TR02161,C1,1600,1601,SOFT,3
TR02162,C2,1603,1605,SOFT,1
TR02163,C3,1607,1608,SOFT,7
TR02164,C4,1610,1611,SOFT,5
TR02165,C5,1612,1613,HARD,10
TR02166,C6,1615,1616,SOFT,7
TR02167,C7,1618,1620,SOFT,7
TR02168,C8,1621,1622,SOFT,5
TR02169,C9,1624,1626,SOFT,1
TR02170,C10,1627,1628,HARD,10
TR02171,C1,1608,1609,SOFT,7
TR02172,C2,1612,1614,SOFT,1
TR02173,C3,1615,1617,SOFT,7
TR02174,C4,1618,1619,SOFT,3
TR02175,C5,1621,1623,HARD,10
TR02176,C6,1623,1624,SOFT,7
TR02177,C7,1626,1627,SOFT,3
TR02178,C8,1630,1632,SOFT,1
TR02179,C9,1536,1538,SOFT,1
TR02180,C10,1540,1542,HARD,10
TR02181,C1,1617,1619,SOFT,5
TR02182,C2,1619,1621,SOFT,7
TR02183,C3,1622,1624,SOFT,3
TR02184,C4,1625,1627,SOFT,3
TR02185,C5,1628,1629,HARD,10
TR02186,C6,1630,1632,SOFT,7
TR02187,C7,1539,1541,SOFT,5
TR02188,C8,1542,1543,SOFT,5
TR02189,C9,1544,1546,SOFT,3
TR02190,C10,1547,1548,HARD,10
TR02191,C1,1624,1625,SOFT,1
TR02192,C2,1627,1628,SOFT,5
TR02193,C3,1630,1631,SOFT,7
TR02194,C4,1538,1539,SOFT,1
TR02195,C5,1541,1542,HARD,10
TR02196,C6,1544,1545,SOFT,7
TR02197,C7,1547,1548,SOFT,3
TR02198,C8,1550,1552,SOFT,7
TR02199,C9,1553,1554,SOFT,5
TR02200,C10,1556,1558,HARD,10
TR02201,C1,1537,1538,SOFT,1
TR02202,C2,1539,1540,SOFT,7
TR02203,C3,1542,1544,SOFT,7
TR02204,C4,1545,1547,SOFT,5
TR02205,C5,1548,1549,HARD,10
TR02206,C6,1551,1552,SOFT,5
TR02207,C7,1554,1556,SOFT,7
TR02208,C8,1557,1558,SOFT,7
TR02209,C9,1560,1561,SOFT,5
TR02210,C10,1564,1565,HARD,10
TR02211,C1,1632,1634,SOFT,3
TR02212,C2,1636,1637,SOFT,3
TR02213,C3,1638,1639,SOFT,7
TR02214,C4,1642,1643,HARD,10
TR02215,C5,1644,1645,SOFT,5
TR02216,C6,1647,1649,SOFT,3
TR02217,C7,1651,1652,SOFT,5
TR02218,C8,1653,1654,SOFT,3
TR02219,C9,1656,1658,HARD,10
TR02220,C10,1660,1661,SOFT,7
TR02221,C1,1640,1642,SOFT,1
TR02222,C2,1643,1645,SOFT,3
TR02223,C3,1647,1648,SOFT,5
TR02224,C4,1649,1651,HARD,10
TR02225,C5,1652,1654,SOFT,3
TR02226,C6,1655,1657,SOFT,7
TR02227,C7,1658,1660,SOFT,5
TR02228,C8,1661,1663,SOFT,1
TR02229,C9,1665,1666,HARD,10
TR02230,C10,1667,1669,SOFT,1
TR02231,C1,1648,1649,SOFT,7
TR02232,C2,1651,1652,SOFT,7
TR02233,C3,1655,1657,SOFT,1
TR02234,C4,1657,1658,HARD,10
TR02235,C5,1660,1661,SOFT,1
TR02236,C6,1663,1665,SOFT,3
TR02237,C7,1666,1668,SOFT,5
TR02238,C8,1669,1671,SOFT,7
TR02239,C9,1672,1674,HARD,10
TR02240,C10,1675,1677,SOFT,7
TR02241,C1,1657,1658,SOFT,5
TR02242,C2,1659,1660,SOFT,3
TR02243,C3,1662,1664,SOFT,1
TR02244,C4,1665,1666,HARD,10
TR02245,C5,1668,1669,SOFT,7
TR02246,C6,1672,1674,SOFT,7
TR02247,C7,1675,1677,SOFT,3
TR02248,C8,1678,1679,SOFT,5
TR02249,C9,1680,1682,HARD,10
TR02250,C10,1683,1685,SOFT,1
TR02251,C1,1664,1665,SOFT,3
TR02252,C2,1667,1668,SOFT,7
TR02253,C3,1671,1672,SOFT,5
TR02254,C4,1674,1676,HARD,10
TR02255,C5,1676,1677,SOFT,1
TR02256,C6,1680,1682,SOFT,1
TR02257,C7,1682,1684,SOFT,7
TR02258,C8,1686,1688,SOFT,7
TR02259,C9,1688,1690,HARD,10
TR02260,C10,1692,1694,SOFT,3
TR02261,C1,1673,1675,SOFT,5
TR02262,C2,1675,1676,SOFT,5
TR02263,C3,1678,1679,SOFT,7
TR02264,C4,1681,1683,HARD,10
TR02265,C5,1684,1686,SOFT,3
TR02266,C6,1688,1689,SOFT,7
TR02267,C7,1690,1692,SOFT,3
TR02268,C8,1694,1696,SOFT,7
TR02269,C9,1697,1698,HARD,10
TR02270,C10,1699,1701,SOFT,3
TR02271,C1,1680,1681,SOFT,5
TR02272,C2,1683,1684,SOFT,7
TR02273,C3,1686,1688,SOFT,7
TR02274,C4,1689,1690,HARD,10
TR02275,C5,1692,1694,SOFT,1
TR02276,C6,1695,1696,SOFT,5
TR02277,C7,1698,1699,SOFT,5
TR02278,C8,1701,1702,SOFT,7
TR02279,C9,1704,1706,HARD,10
TR02280,C10,1707,1709,SOFT,5
TR02281,C1,1688,1690,SOFT,5
TR02282,C2,1691,1692,SOFT,3
TR02283,C3,1694,1695,SOFT,5
TR02284,C4,1698,1699,HARD,10
TR02285,C5,1700,1702,SOFT,5
TR02286,C6,1704,1705,SOFT,5
TR02287,C7,1707,1709,SOFT,3
TR02288,C8,1710,1712,SOFT,1
TR02289,C9,1712,1713,HARD,10
TR02290,C10,1715,1716,SOFT,1
TR02291,C1,1697,1698,SOFT,5
TR02292,C2,1700,1702,SOFT,1
TR02293,C3,1703,1705,SOFT,7
TR02294,C4,1706,1707,HARD,10
TR02295,C5,1708,1710,SOFT,5
TR02296,C6,1712,1714,SOFT,7
TR02297,C7,1714,1715,SOFT,3
TR02298,C8,1717,1719,SOFT,1
TR02299,C9,1721,1723,HARD,10
TR02300,C10,1723,1725,SOFT,5
TR02301,C1,1704,1706,SOFT,7
TR02302,C2,1707,1708,SOFT,5
TR02303,C3,1710,1711,SOFT,5
TR02304,C4,1713,1715,HARD,10
TR02305,C5,1716,1718,SOFT,1
TR02306,C6,1720,1722,SOFT,3
TR02307,C7,1723,1724,SOFT,7
TR02308,C8,1725,1726,SOFT,7
TR02309,C9,1632,1633,HARD,10
TR02310,C10,1635,1636,SOFT,1
TR02311,C1,1713,1714,SOFT,1
TR02312,C2,1716,1718,SOFT,3
TR02313,C3,1718,1719,SOFT,1
TR02314,C4,1721,1722,HARD,10
TR02315,C5,1724,1726,SOFT,5
TR02316,C6,1726,1727,SOFT,7
TR02317,C7,1634,1636,SOFT,5
TR02318,C8,1637,1639,SOFT,5
TR02319,C9,1641,1642,HARD,10
TR02320,C10,1643,1645,SOFT,3
TR02321,C1,1721,1722,SOFT,1
TR02322,C2,1724,1725,SOFT,5
TR02323,C3,1726,1727,SOFT,7
TR02324,C4,1634,1636,HARD,10
TR02325,C5,1637,1639,SOFT,3
TR02326,C6,1640,1642,SOFT,7
TR02327,C7,1642,1644,SOFT,7
TR02328,C8,1645,1647,SOFT,1
TR02329,C9,1648,1649,HARD,10
TR02330,C10,1651,1653,SOFT,5
TR02331,C1,1632,1633,SOFT,7
TR02332,C2,1635,1637,SOFT,3
TR02333,C3,1638,1640,SOFT,1
TR02334,C4,1641,1642,HARD,10
TR02335,C5,1645,1647,SOFT,5
TR02336,C6,1648,1649,SOFT,7
TR02337,C7,1651,1653,SOFT,1
TR02338,C8,1653,1655,SOFT,1
TR02339,C9,1656,1658,HARD,10
TR02340,C10,1659,1660,SOFT,5
TR02341,C1,1728,1730,SOFT,3
TR02342,C2,1731,1732,SOFT,5
TR02343,C3,1735,1737,HARD,10
TR02344,C4,1737,1739,SOFT,1
TR02345,C5,1740,1742,SOFT,1
TR02346,C6,1743,1745,SOFT,1
TR02347,C7,1746,1748,SOFT,7
TR02348,C8,1749,1751,HARD,10
TR02349,C9,1752,1753,SOFT,7
TR02350,C10,1755,1757,SOFT,1
TR02351,C1,1737,1738,SOFT,5
TR02352,C2,1739,1741,SOFT,3
TR02353,C3,1742,1743,HARD,10
TR02354,C4,1745,1746,SOFT,5
TR02355,C5,1748,1749,SOFT,3
TR02356,C6,1751,1752,SOFT,7
TR02357,C7,1754,1756,SOFT,5
TR02358,C8,1757,1758,HARD,10
TR02359,C9,1760,1762,SOFT,7
TR02360,C10,1763,1765,SOFT,3
TR02361,C1,1744,1745,SOFT,5
TR02362,C2,1748,1750,SOFT,7
TR02363,C3,1750,1752,HARD,10
TR02364,C4,1753,1755,SOFT,1
TR02365,C5,1756,1758,SOFT,3
TR02366,C6,1760,1761,SOFT,3
TR02367,C7,1762,1764,SOFT,3
TR02368,C8,1765,1766,HARD,10
TR02369,C9,1768,1769,SOFT,1
TR02370,C10,1771,1773,SOFT,1
TR02371,C1,1752,1753,SOFT,7
TR02372,C2,1755,1756,SOFT,3
TR02373,C3,1758,1759,HARD,10
TR02374,C4,1761,1762,SOFT,7
TR02375,C5,1765,1766,SOFT,5
TR02376,C6,1767,1768,SOFT,1
TR02377,C7,1770,1772,SOFT,7
TR02378,C8,1774,1776,HARD,10
TR02379,C9,1777,1779,SOFT,3
TR02380,C10,1779,1780,SOFT,5
TR02381,C1,1760,1761,SOFT,3
TR02382,C2,1763,1764,SOFT,1
TR02383,C3,1766,1767,HARD,10
TR02384,C4,1769,1771,SOFT,7
TR02385,C5,1773,1774,SOFT,1
TR02386,C6,1775,1777,SOFT,7
TR02387,C7,1778,1779,SOFT,1
TR02388,C8,1781,1783,HARD,10
TR02389,C9,1785,1786,SOFT,5
TR02390,C10,1787,1788,SOFT,5
TR02391,C1,1768,1769,SOFT,3
TR02392,C2,1772,1773,SOFT,7
TR02393,C3,1774,1776,HARD,10
TR02394,C4,1777,1779,SOFT,7
TR02395,C5,1780,1782,SOFT,1
TR02396,C6,1784,1786,SOFT,5
TR02397,C7,1786,1788,SOFT,1
TR02398,C8,1789,1791,HARD,10
TR02399,C9,1792,1794,SOFT,1
TR02400,C10,1795,1797,SOFT,7
TR02401,C1,1777,1778,SOFT,3
TR02402,C2,1779,1781,SOFT,3
TR02403,C3,1782,1784,HARD,10
TR02404,C4,1785,1787,SOFT,5
TR02405,C5,1788,1790,SOFT,7
TR02406,C6,1791,1792,SOFT,3
TR02407,C7,1794,1795,SOFT,1
TR02408,C8,1797,1798,HARD,10
TR02409,C9,1801,1802,SOFT,5
TR02410,C10,1804,1805,SOFT,3
TR02411,C1,1784,1785,SOFT,1
TR02412,C2,1787,1789,SOFT,7
TR02413,C3,1790,1791,HARD,10
TR02414,C4,1794,1795,SOFT,5
TR02415,C5,1797,1798,SOFT,1
TR02416,C6,1800,1802,SOFT,5
TR02417,C7,1803,1804,SOFT,7
TR02418,C8,1805,1807,HARD,10
TR02419,C9,1809,1811,SOFT,1
TR02420,C10,1811,1813,SOFT,7
TR02421,C1,1793,1795,SOFT,1
TR02422,C2,1795,1796,SOFT,1
TR02423,C3,1798,1800,HARD,10
TR02424,C4,1801,1803,SOFT,3
TR02425,C5,1804,1806,SOFT,3
TR02426,C6,1807,1809,SOFT,3
TR02427,C7,1810,1812,SOFT,3
TR02428,C8,1813,1814,HARD,10
TR02429,C9,1817,1819,SOFT,7
TR02430,C10,1820,1822,SOFT,1
TR02431,C1,1800,1802,SOFT,1
TR02432,C2,1803,1804,SOFT,3
TR02433,C3,1806,1807,HARD,10
TR02434,C4,1809,1811,SOFT,7
TR02435,C5,1812,1813,SOFT,1
TR02436,C6,1816,1817,SOFT,5
TR02437,C7,1818,1819,SOFT,7
TR02438,C8,1821,1823,HARD,10
TR02439,C9,1728,1729,SOFT,7
TR02440,C10,1731,1733,SOFT,3
TR02441,C1,1809,1810,SOFT,1
TR02442,C2,1811,1813,SOFT,5
TR02443,C3,1814,1815,HARD,10
TR02444,C4,1818,1820,SOFT,1
TR02445,C5,1820,1822,SOFT,7
TR02446,C6,1822,1824,SOFT,1
TR02447,C7,1730,1732,SOFT,7
TR02448,C8,1733,1735,HARD,10
TR02449,C9,1736,1737,SOFT,7
TR02450,C10,1740,1741,SOFT,3
TR02451,C1,1816,1818,SOFT,5
TR02452,C2,1819,1820,SOFT,5
TR02453,C3,1822,1823,HARD,10
TR02454,C4,1730,1731,SOFT,3
TR02455,C5,1732,1734,SOFT,7
TR02456,C6,1735,1736,SOFT,7
TR02457,C7,1738,1739,SOFT,1
TR02458,C8,1742,1743,HARD,10
TR02459,C9,1744,1746,SOFT,5
TR02460,C10,1747,1749,SOFT,3
TR02461,C1,1728,1730,SOFT,7
TR02462,C2,1731,1733,SOFT,1
TR02463,C3,1735,1737,HARD,10
TR02464,C4,1738,1740,SOFT,3
TR02465,C5,1740,1742,SOFT,3
TR02466,C6,1744,1745,SOFT,5
TR02467,C7,1746,1747,SOFT,7
TR02468,C8,1750,1752,HARD,10
TR02469,C9,1752,1753,SOFT,1
TR02470,C10,1755,1756,SOFT,5
TR02471,C1,1824,1826,SOFT,3
TR02472,C2,1827,1828,HARD,10
TR02473,C3,1830,1831,SOFT,1
TR02474,C4,1833,1834,SOFT,5
TR02475,C5,1836,1837,SOFT,5
TR02476,C6,1840,1841,SOFT,3
TR02477,C7,1842,1843,HARD,10
TR02478,C8,1845,1847,SOFT,7
TR02479,C9,1849,1851,SOFT,3
TR02480,C10,1852,1854,SOFT,7
TR02481,C1,1832,1833,SOFT,5
TR02482,C2,1835,1836,HARD,10
TR02483,C3,1839,1841,SOFT,1
TR02484,C4,1842,1844,SOFT,7
TR02485,C5,1844,1846,SOFT,1
TR02486,C6,1847,1849,SOFT,3
TR02487,C7,1851,1852,HARD,10
TR02488,C8,1853,1854,SOFT,3
TR02489,C9,1856,1858,SOFT,5
TR02490,C10,1859,1860,SOFT,3
TR02491,C1,1840,1842,SOFT,5
TR02492,C2,1843,1845,HARD,10
TR02493,C3,1846,1847,SOFT,3
TR02494,C4,1849,1851,SOFT,7
TR02495,C5,1852,1854,SOFT,1
TR02496,C6,1856,1857,SOFT,5
TR02497,C7,1859,1861,HARD,10
TR02498,C8,1862,1864,SOFT,7
TR02499,C9,1864,1866,SOFT,5
TR02500,C10,1867,1868,SOFT,3
TR02501,C1,1848,1850,SOFT,1
TR02502,C2,1851,1853,HARD,10
TR02503,C3,1855,1856,SOFT,5
TR02504,C4,1857,1859,SOFT,1
TR02505,C5,1860,1862,SOFT,5
TR02506,C6,1864,1866,SOFT,1
TR02507,C7,1866,1868,HARD,10
TR02508,C8,1869,1871,SOFT,7
TR02509,C9,1872,1874,SOFT,3
TR02510,C10,1875,1877,SOFT,7
TR02511,C1,1856,1857,SOFT,3
TR02512,C2,1859,1861,HARD,10
TR02513,C3,1862,1864,SOFT,3
TR02514,C4,1865,1867,SOFT,7
TR02515,C5,1868,1870,SOFT,1
TR02516,C6,1871,1872,SOFT,1
TR02517,C7,1874,1876,HARD,10
TR02518,C8,1877,1878,SOFT,5
TR02519,C9,1881,1883,SOFT,7
TR02520,C10,1884,1885,SOFT,5
TR02521,C1,1864,1865,SOFT,1
TR02522,C2,1867,1868,HARD,10
TR02523,C3,1870,1872,SOFT,5
TR02524,C4,1873,1875,SOFT,3
TR02525,C5,1877,1878,SOFT,7
TR02526,C6,1879,1880,SOFT,7
TR02527,C7,1882,1883,HARD,10
TR02528,C8,1885,1886,SOFT,1
TR02529,C9,1889,1891,SOFT,1
TR02530,C10,1891,1892,SOFT,3
TR02531,C1,1872,1874,SOFT,3
TR02532,C2,1875,1876,HARD,10
TR02533,C3,1879,1881,SOFT,1
TR02534,C4,1881,1882,SOFT,1
TR02535,C5,1885,1887,SOFT,7
TR02536,C6,1888,1889,SOFT,3
TR02537,C7,1890,1892,HARD,10
TR02538,C8,1894,1895,SOFT,3
TR02539,C9,1897,1899,SOFT,3
TR02540,C10,1899,1900,SOFT,3
TR02541,C1,1880,1882,SOFT,5
TR02542,C2,1883,1885,HARD,10
TR02543,C3,1886,1888,SOFT,5
TR02544,C4,1889,1891,SOFT,5
TR02545,C5,1893,1894,SOFT,1
TR02546,C6,1895,1897,SOFT,1
TR02547,C7,1898,1900,HARD,10
TR02548,C8,1901,1903,SOFT,5
TR02549,C9,1904,1905,SOFT,1
TR02550,C10,1907,1909,SOFT,7
TR02551,C1,1888,1890,SOFT,3
TR02552,C2,1891,1893,HARD,10
TR02553,C3,1895,1896,SOFT,7
TR02554,C4,1897,1898,SOFT,1
TR02555,C5,1901,1903,SOFT,7
TR02556,C6,1903,1904,SOFT,3
TR02557,C7,1907,1908,HARD,10
TR02558,C8,1910,1912,SOFT,7
TR02559,C9,1913,1915,SOFT,7
TR02560,C10,1915,1916,SOFT,3
TR02561,C1,1896,1897,SOFT,3
TR02562,C2,1900,1902,HARD,10
TR02563,C3,1902,1904,SOFT,5
TR02564,C4,1905,1907,SOFT,1
TR02565,C5,1909,1911,SOFT,3
TR02566,C6,1912,1913,SOFT,7
TR02567,C7,1914,1916,HARD,10
TR02568,C8,1917,1919,SOFT,7
TR02569,C9,1824,1826,SOFT,7
TR02570,C10,1827,1828,SOFT,1
TR02571,C1,1904,1906,SOFT,1
TR02572,C2,1907,1908,HARD,10
TR02573,C3,1911,1913,SOFT,1
TR02574,C4,1913,1915,SOFT,1
TR02575,C5,1917,1918,SOFT,3
TR02576,C6,1918,1919,SOFT,3
TR02577,C7,1826,1828,HARD,10
TR02578,C8,1829,1831,SOFT,7
TR02579,C9,1833,1835,SOFT,1
TR02580,C10,1836,1837,SOFT,1
TR02581,C1,1912,1914,SOFT,7
TR02582,C2,1915,1916,HARD,10
TR02583,C3,1918,1920,SOFT,7
TR02584,C4,1825,1827,SOFT,5
TR02585,C5,1828,1829,SOFT,5
TR02586,C6,1832,1833,SOFT,5
TR02587,C7,1834,1836,HARD,10
TR02588,C8,1837,1838,SOFT,1
TR02589,C9,1840,1842,SOFT,5
TR02590,C10,1844,1845,SOFT,5
TR02591,C1,1825,1827,SOFT,7
TR02592,C2,1827,1829,HARD,10
TR02593,C3,1830,1831,SOFT,3
TR02594,C4,1834,1835,SOFT,1
TR02595,C5,1836,1838,SOFT,3
TR02596,C6,1839,1841,SOFT,5
TR02597,C7,1842,1843,HARD,10
TR02598,C8,1846,1848,SOFT,5
TR02599,C9,1848,1849,SOFT,3
TR02600,C10,1852,1853,SOFT,7
TR02601,C1,1920,1922,HARD,10
TR02602,C2,1923,1924,SOFT,7
TR02603,C3,1926,1928,SOFT,7
TR02604,C4,1929,1930,SOFT,7
TR02605,C5,1932,1934,SOFT,1
TR02606,C6,1935,1936,HARD,10
TR02607,C7,1938,1939,SOFT,1
TR02608,C8,1942,1944,SOFT,1
TR02609,C9,1944,1945,SOFT,5
TR02610,C10,1948,1949,SOFT,7
TR02611,C1,1928,1930,HARD,10
TR02612,C2,1931,1933,SOFT,3
TR02613,C3,1934,1936,SOFT,1
TR02614,C4,1937,1938,SOFT,3
TR02615,C5,1941,1943,SOFT,1
TR02616,C6,1943,1944,HARD,10
TR02617,C7,1947,1949,SOFT,1
TR02618,C8,1950,1952,SOFT,3
TR02619,C9,1953,1954,SOFT,5
TR02620,C10,1955,1956,SOFT,7
TR02621,C1,1936,1938,HARD,10
TR02622,C2,1939,1940,SOFT,1
TR02623,C3,1942,1943,SOFT,3
TR02624,C4,1945,1946,SOFT,1
TR02625,C5,1948,1950,SOFT,7
TR02626,C6,1952,1953,HARD,10
TR02627,C7,1955,1957,SOFT,5
TR02628,C8,1957,1958,SOFT,1
TR02629,C9,1961,1963,SOFT,1
TR02630,C10,1963,1965,SOFT,1
TR02631,C1,1945,1946,HARD,10
TR02632,C2,1947,1948,SOFT,5
TR02633,C3,1951,1952,SOFT,5
TR02634,C4,1954,1956,SOFT,3
TR02635,C5,1957,1959,SOFT,1
TR02636,C6,1959,1960,HARD,10
TR02637,C7,1962,1963,SOFT,5
TR02638,C8,1966,1968,SOFT,7
TR02639,C9,1968,1970,SOFT,1
TR02640,C10,1972,1974,SOFT,3
TR02641,C1,1952,1953,HARD,10
TR02642,C2,1956,1958,SOFT,1
TR02643,C3,1958,1959,SOFT,7
TR02644,C4,1961,1963,SOFT,3
TR02645,C5,1964,1965,SOFT,5
TR02646,C6,1967,1969,HARD,10
TR02647,C7,1971,1972,SOFT,5
TR02648,C8,1973,1975,SOFT,7
TR02649,C9,1976,1978,SOFT,7
TR02650,C10,1979,1980,SOFT,1
TR02651,C1,1960,1961,HARD,10
TR02652,C2,1964,1965,SOFT,5
TR02653,C3,1966,1968,SOFT,5
TR02654,C4,1970,1971,SOFT,5
TR02655,C5,1973,1975,SOFT,7
TR02656,C6,1975,1977,HARD,10
TR02657,C7,1978,1980,SOFT,7
TR02658,C8,1982,1984,SOFT,1
TR02659,C9,1984,1986,SOFT,7
TR02660,C10,1987,1989,SOFT,1
TR02661,C1,1968,1970,HARD,10
TR02662,C2,1971,1972,SOFT,7
TR02663,C3,1974,1975,SOFT,3
TR02664,C4,1978,1979,SOFT,7
TR02665,C5,1981,1982,SOFT,3
TR02666,C6,1983,1984,HARD,10
TR02667,C7,1986,1987,SOFT,5
TR02668,C8,1989,1990,SOFT,7
TR02669,C9,1992,1994,SOFT,3
TR02670,C10,1995,1996,SOFT,1
TR02671,C1,1976,1977,HARD,10
TR02672,C2,1979,1980,SOFT,1
TR02673,C3,1982,1983,SOFT,1
TR02674,C4,1985,1986,SOFT,7
TR02675,C5,1988,1989,SOFT,5
TR02676,C6,1991,1992,HARD,10
TR02677,C7,1995,1997,SOFT,7
TR02678,C8,1997,1999,SOFT,1
TR02679,C9,2001,2002,SOFT,7
TR02680,C10,2003,2005,SOFT,5
TR02681,C1,1984,1986,HARD,10
TR02682,C2,1988,1989,SOFT,1
TR02683,C3,1990,1992,SOFT,1
TR02684,C4,1993,1994,SOFT,1
TR02685,C5,1996,1997,SOFT,1
TR02686,C6,2000,2001,HARD,10
TR02687,C7,2003,2004,SOFT,7
TR02688,C8,2005,2007,SOFT,1
TR02689,C9,2008,2009,SOFT,5
TR02690,C10,2011,2013,SOFT,3
TR02691,C1,1992,1993,HARD,10
TR02692,C2,1995,1996,SOFT,3
TR02693,C3,1998,2000,SOFT,3
TR02694,C4,2001,2002,SOFT,7
TR02695,C5,2005,2006,SOFT,1
TR02696,C6,2007,2009,HARD,10
TR02697,C7,2010,2011,SOFT,5
TR02698,C8,2013,2015,SOFT,5
TR02699,C9,1921,1922,SOFT,1
TR02700,C10,1923,1924,SOFT,3
TR02701,C1,2000,2002,HARD,10
TR02702,C2,2003,2005,SOFT,3
TR02703,C3,2006,2007,SOFT,3
TR02704,C4,2010,2011,SOFT,7
TR02705,C5,2013,2014,SOFT,3
TR02706,C6,2014,2016,HARD,10
TR02707,C7,1922,1923,SOFT,3
TR02708,C8,1925,1926,SOFT,7
TR02709,C9,1928,1930,SOFT,7
TR02710,C10,1931,1932,SOFT,5
TR02711,C1,2009,2011,HARD,10
TR02712,C2,2011,2013,SOFT,3
TR02713,C3,2014,2016,SOFT,7
TR02714,C4,1922,1924,SOFT,5
TR02715,C5,1924,1926,SOFT,3
TR02716,C6,1927,1928,HARD,10
TR02717,C7,1930,1931,SOFT,7
TR02718,C8,1933,1934,SOFT,5
TR02719,C9,1937,1938,SOFT,7
TR02720,C10,1940,1941,SOFT,5
TR02721,C1,1920,1921,HARD,10
TR02722,C2,1923,1925,SOFT,5
TR02723,C3,1927,1928,SOFT,3
TR02724,C4,1929,1930,SOFT,1
TR02725,C5,1933,1935,SOFT,1
TR02726,C6,1936,1938,HARD,10
TR02727,C7,1939,1941,SOFT,1
TR02728,C8,1941,1943,SOFT,3
TR02729,C9,1944,1945,SOFT,5
TR02730,C10,1947,1948,SOFT,3
TR02731,C1,2017,2019,SOFT,1
TR02732,C2,2020,2021,SOFT,7
TR02733,C3,2022,2024,SOFT,3
TR02734,C4,2025,2027,SOFT,7
TR02735,C5,2028,2030,HARD,10
TR02736,C6,2032,2033,SOFT,3
TR02737,C7,2035,2036,SOFT,1
TR02738,C8,2037,2039,SOFT,3
TR02739,C9,2041,2043,SOFT,1
TR02740,C10,2043,2044,HARD,10
TR02741,C1,2024,2025,SOFT,3
TR02742,C2,2027,2028,SOFT,1
TR02743,C3,2031,2033,SOFT,3
TR02744,C4,2034,2035,SOFT,5
TR02745,C5,2037,2039,HARD,10
TR02746,C6,2039,2041,SOFT,5
TR02747,C7,2043,2044,SOFT,3
TR02748,C8,2046,2048,SOFT,1
TR02749,C9,2049,2051,SOFT,1
TR02750,C10,2052,2053,HARD,10
TR02751,C1,2032,2033,SOFT,7
TR02752,C2,2035,2036,SOFT,7
TR02753,C3,2038,2039,SOFT,3
TR02754,C4,2041,2042,SOFT,1
TR02755,C5,2045,2047,HARD,10
TR02756,C6,2047,2048,SOFT,3
TR02757,C7,2050,2052,SOFT,5
TR02758,C8,2054,2056,SOFT,1
TR02759,C9,2056,2057,SOFT,5
TR02760,C10,2059,2060,HARD,10
TR02761,C1,2040,2041,SOFT,1
TR02762,C2,2043,2045,SOFT,7
TR02763,C3,2047,2048,SOFT,3
TR02764,C4,2049,2051,SOFT,3
TR02765,C5,2052,2054,HARD,10
TR02766,C6,2055,2056,SOFT,5
TR02767,C7,2058,2060,SOFT,3
TR02768,C8,2061,2063,SOFT,1
TR02769,C9,2064,2065,SOFT,1
TR02770,C10,2067,2069,HARD,10
TR02771,C1,2048,2049,SOFT,7
TR02772,C2,2051,2052,SOFT,1
TR02773,C3,2054,2055,SOFT,1
TR02774,C4,2058,2060,SOFT,3
TR02775,C5,2060,2062,HARD,10
TR02776,C6,2063,2064,SOFT,5
TR02777,C7,2066,2067,SOFT,5
TR02778,C8,2069,2070,SOFT,1
TR02779,C9,2073,2074,SOFT,5
TR02780,C10,2075,2076,HARD,10
TR02781,C1,2056,2058,SOFT,7
TR02782,C2,2059,2061,SOFT,3
TR02783,C3,2062,2064,SOFT,7
TR02784,C4,2065,2066,SOFT,1
TR02785,C5,2068,2070,HARD,10
TR02786,C6,2071,2073,SOFT,1
TR02787,C7,2074,2075,SOFT,5
TR02788,C8,2077,2079,SOFT,7
TR02789,C9,2081,2082,SOFT,3
TR02790,C10,2083,2084,HARD,10
TR02791,C1,2064,2065,SOFT,5
TR02792,C2,2068,2070,SOFT,5
TR02793,C3,2071,2073,SOFT,3
TR02794,C4,2074,2075,SOFT,5
TR02795,C5,2076,2077,HARD,10
TR02796,C6,2079,2080,SOFT,3
TR02797,C7,2083,2085,SOFT,7
TR02798,C8,2085,2086,SOFT,3
TR02799,C9,2089,2090,SOFT,7
TR02800,C10,2092,2094,HARD,10
TR02801,C1,2072,2074,SOFT,1
TR02802,C2,2075,2076,SOFT,1
TR02803,C3,2078,2079,SOFT,7
TR02804,C4,2081,2083,SOFT,1
TR02805,C5,2084,2086,HARD,10
TR02806,C6,2088,2090,SOFT,5
TR02807,C7,2091,2093,SOFT,5
TR02808,C8,2094,2095,SOFT,7
TR02809,C9,2096,2098,SOFT,7
TR02810,C10,2099,2101,HARD,10
TR02811,C1,2080,2082,SOFT,5
TR02812,C2,2084,2086,SOFT,5
TR02813,C3,2086,2088,SOFT,7
TR02814,C4,2090,2092,SOFT,5
TR02815,C5,2093,2095,HARD,10
TR02816,C6,2096,2098,SOFT,1
TR02817,C7,2098,2099,SOFT,3
TR02818,C8,2101,2102,SOFT,1
TR02819,C9,2104,2105,SOFT,5
TR02820,C10,2107,2108,HARD,10
TR02821,C1,2088,2090,SOFT,5
TR02822,C2,2091,2093,SOFT,1
TR02823,C3,2094,2096,SOFT,3
TR02824,C4,2098,2100,SOFT,1
TR02825,C5,2100,2102,HARD,10
TR02826,C6,2103,2105,SOFT,3
TR02827,C7,2107,2108,SOFT,3
TR02828,C8,2110,2111,SOFT,5
TR02829,C9,2016,2018,SOFT,3
TR02830,C10,2019,2021,HARD,10
TR02831,C1,2096,2098,SOFT,7
TR02832,C2,2100,2101,SOFT,7
TR02833,C3,2103,2104,SOFT,3
TR02834,C4,2105,2106,SOFT,1
TR02835,C5,2109,2111,HARD,10
TR02836,C6,2110,2112,SOFT,7
TR02837,C7,2019,2020,SOFT,3
TR02838,C8,2022,2024,SOFT,7
TR02839,C9,2024,2026,SOFT,3
TR02840,C10,2027,2028,HARD,10
TR02841,C1,2105,2106,SOFT,3
TR02842,C2,2107,2108,SOFT,5
TR02843,C3,2110,2111,SOFT,1
TR02844,C4,2017,2019,SOFT,7
TR02845,C5,2021,2022,HARD,10
TR02846,C6,2023,2024,SOFT,3
TR02847,C7,2026,2027,SOFT,3
TR02848,C8,2029,2030,SOFT,5
TR02849,C9,2033,2035,SOFT,7
TR02850,C10,2036,2037,HARD,10
TR02851,C1,2017,2019,SOFT,7
TR02852,C2,2020,2021,SOFT,5
TR02853,C3,2023,2024,SOFT,7
TR02854,C4,2026,2028,SOFT,1
TR02855,C5,2029,2031,HARD,10
TR02856,C6,2031,2032,SOFT,5
TR02857,C7,2034,2036,SOFT,3
TR02858,C8,2037,2038,SOFT,5
TR02859,C9,2040,2042,SOFT,3
TR02860,C10,2043,2045,HARD,10
TR02861,C1,2112,2113,SOFT,1
TR02862,C2,2115,2117,SOFT,3
TR02863,C3,2118,2119,SOFT,7
TR02864,C4,2121,2123,HARD,10
TR02865,C5,2124,2125,SOFT,1
TR02866,C6,2127,2128,SOFT,7
TR02867,C7,2130,2131,SOFT,5
TR02868,C8,2133,2134,SOFT,7
TR02869,C9,2136,2138,HARD,10
TR02870,C10,2139,2141,SOFT,7
TR02871,C1,2121,2122,SOFT,3
TR02872,C2,2123,2124,SOFT,1
TR02873,C3,2127,2129,SOFT,7
TR02874,C4,2130,2132,HARD,10
TR02875,C5,2133,2134,SOFT,1
TR02876,C6,2136,2138,SOFT,3
TR02877,C7,2138,2140,SOFT,1
TR02878,C8,2141,2142,SOFT,5
TR02879,C9,2144,2146,HARD,10
TR02880,C10,2148,2149,SOFT,7
TR02881,C1,2128,2130,SOFT,7
TR02882,C2,2131,2133,SOFT,7
TR02883,C3,2134,2136,SOFT,5
TR02884,C4,2137,2138,HARD,10
TR02885,C5,2140,2142,SOFT,7
TR02886,C6,2143,2144,SOFT,3
TR02887,C7,2146,2148,SOFT,7
TR02888,C8,2149,2150,SOFT,1
TR02889,C9,2152,2153,HARD,10
TR02890,C10,2155,2156,SOFT,3
TR02891,C1,2136,2138,SOFT,3
TR02892,C2,2139,2141,SOFT,5
TR02893,C3,2142,2144,SOFT,3
TR02894,C4,2146,2147,HARD,10
TR02895,C5,2148,2149,SOFT,7
TR02896,C6,2151,2152,SOFT,3
TR02897,C7,2154,2155,SOFT,3
TR02898,C8,2157,2159,SOFT,1
TR02899,C9,2160,2161,HARD,10
TR02900,C10,2163,2165,SOFT,5
TR02901,C1,2144,2146,SOFT,1
TR02902,C2,2147,2149,SOFT,3
TR02903,C3,2151,2153,SOFT,5
TR02904,C4,2154,2155,HARD,10
TR02905,C5,2156,2158,SOFT,5
TR02906,C6,2159,2161,SOFT,1
TR02907,C7,2162,2163,SOFT,5
TR02908,C8,2165,2166,SOFT,5
TR02909,C9,2169,2171,HARD,10
TR02910,C10,2171,2173,SOFT,3
TR02911,C1,2152,2154,SOFT,3
TR02912,C2,2155,2157,SOFT,1
TR02913,C3,2159,2161,SOFT,7
TR02914,C4,2161,2163,HARD,10
TR02915,C5,2165,2166,SOFT,1
TR02916,C6,2168,2170,SOFT,7
TR02917,C7,2170,2172,SOFT,5
TR02918,C8,2173,2175,SOFT,3
TR02919,C9,2176,2178,HARD,10
TR02920,C10,2179,2181,SOFT,5
TR02921,C1,2160,2161,SOFT,3
TR02922,C2,2163,2165,SOFT,5
TR02923,C3,2166,2168,SOFT,7
TR02924,C4,2170,2171,HARD,10
TR02925,C5,2173,2175,SOFT,1
TR02926,C6,2175,2177,SOFT,3
TR02927,C7,2178,2179,SOFT,7
TR02928,C8,2182,2184,SOFT,7
TR02929,C9,2184,2186,HARD,10
TR02930,C10,2188,2190,SOFT,7
TR02931,C1,2168,2170,SOFT,1
TR02932,C2,2171,2173,SOFT,7
TR02933,C3,2174,2176,SOFT,3
TR02934,C4,2178,2180,HARD,10
TR02935,C5,2181,2182,SOFT,5
TR02936,C6,2183,2185,SOFT,3
TR02937,C7,2186,2187,SOFT,7
TR02938,C8,2189,2191,SOFT,3
TR02939,C9,2192,2193,HARD,10
TR02940,C10,2195,2197,SOFT,1
TR02941,C1,2177,2179,SOFT,1
TR02942,C2,2180,2182,SOFT,1
TR02943,C3,2183,2185,SOFT,5
TR02944,C4,2186,2188,HARD,10
TR02945,C5,2188,2190,SOFT,3
TR02946,C6,2191,2192,SOFT,3
TR02947,C7,2194,2195,SOFT,5
TR02948,C8,2197,2198,SOFT,5
TR02949,C9,2200,2201,HARD,10
TR02950,C10,2203,2205,SOFT,7
TR02951,C1,2184,2186,SOFT,7
TR02952,C2,2187,2189,SOFT,1
TR02953,C3,2190,2191,SOFT,7
TR02954,C4,2193,2195,HARD,10
TR02955,C5,2196,2198,SOFT,3
TR02956,C6,2200,2202,SOFT,7
TR02957,C7,2202,2203,SOFT,5
TR02958,C8,2205,2207,SOFT,1
TR02959,C9,2113,2114,HARD,10
TR02960,C10,2115,2117,SOFT,3
TR02961,C1,2192,2193,SOFT,7
TR02962,C2,2196,2197,SOFT,3
TR02963,C3,2198,2200,SOFT,7
TR02964,C4,2201,2202,HARD,10
TR02965,C5,2205,2207,SOFT,3
TR02966,C6,2206,2208,SOFT,1
TR02967,C7,2114,2116,SOFT,1
TR02968,C8,2117,2118,SOFT,5
TR02969,C9,2121,2123,HARD,10
TR02970,C10,2123,2125,SOFT,5
TR02971,C1,2200,2202,SOFT,7
TR02972,C2,2204,2206,SOFT,1
TR02973,C3,2206,2207,SOFT,7
TR02974,C4,2114,2115,HARD,10
TR02975,C5,2117,2119,SOFT,3
TR02976,C6,2119,2121,SOFT,5
TR02977,C7,2123,2124,SOFT,1
TR02978,C8,2125,2127,SOFT,5
TR02979,C9,2128,2130,HARD,10
TR02980,C10,2131,2133,SOFT,1
TR02981,C1,2112,2113,SOFT,5
TR02982,C2,2115,2117,SOFT,7
TR02983,C3,2118,2120,SOFT,5
TR02984,C4,2122,2123,HARD,10
TR02985,C5,2124,2126,SOFT,5
TR02986,C6,2127,2129,SOFT,3
TR02987,C7,2131,2132,SOFT,5
TR02988,C8,2133,2134,SOFT,3
TR02989,C9,2136,2138,HARD,10
TR02990,C10,2139,2140,SOFT,7
TR02991,C1,2209,2210,SOFT,3
TR02992,C2,2212,2214,SOFT,7
TR02993,C3,2214,2216,HARD,10
TR02994,C4,2218,2220,SOFT,5
TR02995,C5,2220,2221,SOFT,3
TR02996,C6,2224,2225,SOFT,5
TR02997,C7,2226,2228,SOFT,3
TR02998,C8,2230,2231,HARD,10
TR02999,C9,2233,2235,SOFT,5
TR03000,C10,2236,2237,SOFT,7
TR03001,C1,2217,2218,SOFT,3
TR03002,C2,2220,2221,SOFT,3
TR03003,C3,2222,2223,HARD,10
TR03004,C4,2225,2227,SOFT,5
TR03005,C5,2229,2231,SOFT,1
TR03006,C6,2231,2232,SOFT,3
TR03007,C7,2234,2235,SOFT,1
TR03008,C8,2237,2238,HARD,10
TR03009,C9,2240,2241,SOFT,5
TR03010,C10,2244,2245,SOFT,3
TR03011,C1,2224,2226,SOFT,5
TR03012,C2,2228,2229,SOFT,5
TR03013,C3,2230,2232,HARD,10
TR03014,C4,2233,2234,SOFT,5
TR03015,C5,2237,2239,SOFT,1
TR03016,C6,2239,2241,SOFT,7
TR03017,C7,2243,2244,SOFT,7
TR03018,C8,2245,2246,HARD,10
TR03019,C9,2248,2250,SOFT,3
TR03020,C10,2252,2253,SOFT,3
TR03021,C1,2232,2233,SOFT,3
TR03022,C2,2235,2237,SOFT,7
TR03023,C3,2238,2239,HARD,10
TR03024,C4,2241,2242,SOFT,7
TR03025,C5,2244,2245,SOFT,3
TR03026,C6,2247,2248,SOFT,1
TR03027,C7,2250,2251,SOFT,1
TR03028,C8,2254,2255,HARD,10
TR03029,C9,2256,2258,SOFT,5
TR03030,C10,2259,2260,SOFT,3
TR03031,C1,2240,2241,SOFT,3
TR03032,C2,2244,2245,SOFT,1
TR03033,C3,2246,2247,HARD,10
TR03034,C4,2249,2251,SOFT,3
TR03035,C5,2252,2254,SOFT,5
TR03036,C6,2255,2256,SOFT,7
TR03037,C7,2259,2261,SOFT,5
TR03038,C8,2261,2262,HARD,10
TR03039,C9,2264,2265,SOFT,5
TR03040,C10,2267,2268,SOFT,3
TR03041,C1,2249,2251,SOFT,5
TR03042,C2,2252,2253,SOFT,3
TR03043,C3,2255,2257,HARD,10
TR03044,C4,2257,2259,SOFT,7
TR03045,C5,2260,2262,SOFT,3
TR03046,C6,2263,2265,SOFT,7
TR03047,C7,2267,2268,SOFT,5
TR03048,C8,2269,2270,HARD,10
TR03049,C9,2273,2274,SOFT,7
TR03050,C10,2276,2277,SOFT,3
TR03051,C1,2256,2257,SOFT,3
TR03052,C2,2259,2261,SOFT,5
TR03053,C3,2262,2263,HARD,10
TR03054,C4,2265,2267,SOFT,7
TR03055,C5,2268,2269,SOFT,1
TR03056,C6,2272,2273,SOFT,1
TR03057,C7,2274,2276,SOFT,5
TR03058,C8,2277,2278,HARD,10
TR03059,C9,2280,2282,SOFT,5
TR03060,C10,2283,2285,SOFT,3
TR03061,C1,2264,2266,SOFT,1
TR03062,C2,2267,2269,SOFT,7
TR03063,C3,2270,2271,HARD,10
TR03064,C4,2274,2276,SOFT,1
TR03065,C5,2277,2279,SOFT,7
TR03066,C6,2279,2280,SOFT,1
TR03067,C7,2282,2284,SOFT,1
TR03068,C8,2285,2287,HARD,10
TR03069,C9,2288,2289,SOFT,5
TR03070,C10,2291,2292,SOFT,3
TR03071,C1,2272,2274,SOFT,7
TR03072,C2,2275,2276,SOFT,5
TR03073,C3,2278,2280,HARD,10
TR03074,C4,2281,2282,SOFT,1
TR03075,C5,2285,2287,SOFT,1
TR03076,C6,2287,2289,SOFT,7
TR03077,C7,2291,2292,SOFT,5
TR03078,C8,2294,2296,HARD,10
TR03079,C9,2297,2298,SOFT,3
TR03080,C10,2300,2302,SOFT,3
TR03081,C1,2280,2281,SOFT,1
TR03082,C2,2283,2285,SOFT,1
TR03083,C3,2287,2289,HARD,10
TR03084,C4,2289,2290,SOFT,3
TR03085,C5,2292,2293,SOFT,3
TR03086,C6,2295,2296,SOFT,7
TR03087,C7,2298,2299,SOFT,1
TR03088,C8,2302,2304,HARD,10
TR03089,C9,2208,2210,SOFT,3
TR03090,C10,2211,2213,SOFT,3
TR03091,C1,2289,2290,SOFT,3
TR03092,C2,2291,2293,SOFT,3
TR03093,C3,2294,2296,HARD,10
TR03094,C4,2298,2299,SOFT,5
TR03095,C5,2300,2302,SOFT,7
TR03096,C6,2302,2303,SOFT,3
TR03097,C7,2210,2211,SOFT,1
TR03098,C8,2214,2216,HARD,10
TR03099,C9,2217,2219,SOFT,1
TR03100,C10,2219,2220,SOFT,5
TR03101,C1,2297,2299,SOFT,3
TR03102,C2,2299,2301,SOFT,7
TR03103,C3,2302,2303,HARD,10
TR03104,C4,2209,2210,SOFT,1
TR03105,C5,2212,2213,SOFT,5
TR03106,C6,2215,2217,SOFT,5
TR03107,C7,2219,2220,SOFT,7
TR03108,C8,2222,2223,HARD,10
TR03109,C9,2225,2226,SOFT,3
TR03110,C10,2228,2229,SOFT,1
TR03111,C1,2208,2209,SOFT,1
TR03112,C2,2211,2212,SOFT,7
TR03113,C3,2215,2217,HARD,10
TR03114,C4,2218,2219,SOFT,1
TR03115,C5,2221,2223,SOFT,7
TR03116,C6,2223,2224,SOFT,7
TR03117,C7,2226,2227,SOFT,1
TR03118,C8,2229,2230,HARD,10
TR03119,C9,2233,2235,SOFT,5
TR03120,C10,2235,2236,SOFT,5
TR03121,C1,2304,2305,SOFT,7
TR03122,C2,2307,2308,HARD,10
TR03123,C3,2310,2311,SOFT,5
TR03124,C4,2314,2315,SOFT,1
TR03125,C5,2316,2318,SOFT,7
TR03126,C6,2320,2321,SOFT,7
TR03127,C7,2323,2324,HARD,10
TR03128,C8,2325,2326,SOFT,1
TR03129,C9,2328,2330,SOFT,5
TR03130,C10,2332,2334,SOFT,3
TR03131,C1,2312,2314,SOFT,5
TR03132,C2,2315,2317,HARD,10
TR03133,C3,2319,2321,SOFT,1
TR03134,C4,2321,2323,SOFT,5
TR03135,C5,2325,2326,SOFT,3
TR03136,C6,2327,2329,SOFT,7
TR03137,C7,2330,2331,HARD,10
TR03138,C8,2334,2336,SOFT,1
TR03139,C9,2336,2338,SOFT,3
TR03140,C10,2340,2342,SOFT,5
TR03141,C1,2320,2321,SOFT,1
TR03142,C2,2323,2325,HARD,10
TR03143,C3,2327,2328,SOFT,1
TR03144,C4,2329,2331,SOFT,1
TR03145,C5,2332,2333,SOFT,1
TR03146,C6,2335,2337,SOFT,1
TR03147,C7,2338,2340,HARD,10
TR03148,C8,2341,2342,SOFT,1
TR03149,C9,2344,2345,SOFT,3
TR03150,C10,2347,2348,SOFT,1
TR03151,C1,2328,2329,SOFT,3
TR03152,C2,2331,2333,HARD,10
TR03153,C3,2335,2337,SOFT,5
TR03154,C4,2337,2338,SOFT,7
TR03155,C5,2341,2342,SOFT,7
TR03156,C6,2344,2346,SOFT,3
TR03157,C7,2347,2348,HARD,10
TR03158,C8,2350,2351,SOFT,7
TR03159,C9,2352,2353,SOFT,3
TR03160,C10,2355,2357,SOFT,1
TR03161,C1,2337,2338,SOFT,1
TR03162,C2,2339,2340,HARD,10
TR03163,C3,2343,2345,SOFT,7
TR03164,C4,2345,2347,SOFT,1
TR03165,C5,2348,2349,SOFT,3
TR03166,C6,2352,2354,SOFT,5
TR03167,C7,2354,2355,HARD,10
TR03168,C8,2358,2360,SOFT,3
TR03169,C9,2361,2363,SOFT,1
TR03170,C10,2364,2365,SOFT,7
TR03171,C1,2344,2345,SOFT,3
TR03172,C2,2348,2350,HARD,10
TR03173,C3,2351,2352,SOFT,3
TR03174,C4,2354,2355,SOFT,3
TR03175,C5,2356,2358,SOFT,3
TR03176,C6,2359,2361,SOFT,7
TR03177,C7,2363,2365,HARD,10
TR03178,C8,2366,2368,SOFT,5
TR03179,C9,2368,2370,SOFT,1
TR03180,C10,2371,2372,SOFT,7
TR03181,C1,2352,2353,SOFT,1
TR03182,C2,2356,2358,HARD,10
TR03183,C3,2358,2360,SOFT,1
TR03184,C4,2361,2363,SOFT,7
TR03185,C5,2364,2366,SOFT,5
TR03186,C6,2367,2369,SOFT,1
TR03187,C7,2370,2371,HARD,10
TR03188,C8,2374,2376,SOFT,1
TR03189,C9,2377,2378,SOFT,3
TR03190,C10,2380,2382,SOFT,3
TR03191,C1,2360,2361,SOFT,3
TR03192,C2,2363,2364,HARD,10
TR03193,C3,2367,2368,SOFT,5
TR03194,C4,2370,2371,SOFT,5
TR03195,C5,2372,2373,SOFT,7
TR03196,C6,2376,2378,SOFT,7
TR03197,C7,2379,2381,HARD,10
TR03198,C8,2381,2383,SOFT,7
TR03199,C9,2384,2385,SOFT,5
TR03200,C10,2387,2389,SOFT,5
TR03201,C1,2368,2369,SOFT,3
TR03202,C2,2372,2374,HARD,10
TR03203,C3,2374,2375,SOFT,1
TR03204,C4,2377,2378,SOFT,3
TR03205,C5,2380,2381,SOFT,1
TR03206,C6,2384,2386,SOFT,5
TR03207,C7,2386,2388,HARD,10
TR03208,C8,2389,2390,SOFT,3
TR03209,C9,2392,2394,SOFT,1
TR03210,C10,2395,2397,SOFT,3
TR03211,C1,2376,2377,SOFT,7
TR03212,C2,2379,2381,HARD,10
TR03213,C3,2382,2384,SOFT,7
TR03214,C4,2386,2388,SOFT,1
TR03215,C5,2388,2389,SOFT,3
TR03216,C6,2392,2394,SOFT,5
TR03217,C7,2394,2396,HARD,10
TR03218,C8,2398,2399,SOFT,5
TR03219,C9,2304,2305,SOFT,1
TR03220,C10,2307,2308,SOFT,3
TR03221,C1,2385,2387,SOFT,7
TR03222,C2,2387,2388,HARD,10
TR03223,C3,2391,2393,SOFT,5
TR03224,C4,2394,2395,SOFT,7
TR03225,C5,2396,2397,SOFT,5
TR03226,C6,2398,2399,SOFT,3
TR03227,C7,2306,2307,HARD,10
TR03228,C8,2310,2311,SOFT,3
TR03229,C9,2312,2314,SOFT,7
TR03230,C10,2315,2317,SOFT,3
TR03231,C1,2392,2394,SOFT,3
TR03232,C2,2395,2397,HARD,10
TR03233,C3,2398,2400,SOFT,1
TR03234,C4,2306,2308,SOFT,5
TR03235,C5,2308,2309,SOFT,1
TR03236,C6,2311,2313,SOFT,7
TR03237,C7,2315,2316,HARD,10
TR03238,C8,2318,2319,SOFT,7
TR03239,C9,2320,2322,SOFT,7
TR03240,C10,2323,2324,SOFT,5
TR03241,C1,2304,2305,SOFT,7
TR03242,C2,2307,2309,HARD,10
TR03243,C3,2311,2312,SOFT,5
TR03244,C4,2313,2314,SOFT,1
TR03245,C5,2316,2318,SOFT,3
TR03246,C6,2320,2321,SOFT,7
TR03247,C7,2322,2323,HARD,10
TR03248,C8,2325,2327,SOFT,3
TR03249,C9,2328,2329,SOFT,5
TR03250,C10,2331,2332,SOFT,5
TR03251,C1,2401,2402,HARD,10
TR03252,C2,2404,2405,SOFT,3
TR03253,C3,2406,2408,SOFT,3
TR03254,C4,2409,2411,SOFT,5
TR03255,C5,2412,2413,SOFT,1
TR03256,C6,2416,2418,HARD,10
TR03257,C7,2418,2420,SOFT,1
TR03258,C8,2421,2422,SOFT,5
TR03259,C9,2424,2425,SOFT,1
TR03260,C10,2428,2429,SOFT,3
TR03261,C1,2409,2411,HARD,10
TR03262,C2,2411,2413,SOFT,1
TR03263,C3,2415,2416,SOFT,7
TR03264,C4,2418,2420,SOFT,1
TR03265,C5,2421,2423,SOFT,1
TR03266,C6,2424,2426,HARD,10
TR03267,C7,2426,2428,SOFT,5
TR03268,C8,2429,2431,SOFT,3
TR03269,C9,2432,2433,SOFT,5
TR03270,C10,2435,2437,SOFT,5
TR03271,C1,2417,2419,HARD,10
TR03272,C2,2419,2420,SOFT,5
TR03273,C3,2423,2425,SOFT,3
TR03274,C4,2426,2427,SOFT,5
TR03275,C5,2429,2430,SOFT,3
TR03276,C6,2431,2432,HARD,10
TR03277,C7,2434,2435,SOFT,5
TR03278,C8,2437,2439,SOFT,5
TR03279,C9,2441,2443,SOFT,5
TR03280,C10,2443,2445,SOFT,3
TR03281,C1,2425,2427,HARD,10
TR03282,C2,2427,2428,SOFT,5
TR03283,C3,2430,2431,SOFT,3
TR03284,C4,2433,2435,SOFT,5
TR03285,C5,2437,2438,SOFT,7
TR03286,C6,2440,2442,HARD,10
TR03287,C7,2443,2445,SOFT,1
TR03288,C8,2445,2446,SOFT,5
TR03289,C9,2448,2450,SOFT,5
TR03290,C10,2452,2454,SOFT,5
TR03291,C1,2433,2435,HARD,10
TR03292,C2,2436,2438,SOFT,5
TR03293,C3,2439,2440,SOFT,7
TR03294,C4,2441,2443,SOFT,1
TR03295,C5,2444,2445,SOFT,7
TR03296,C6,2447,2449,HARD,10
TR03297,C7,2450,2452,SOFT,1
TR03298,C8,2454,2455,SOFT,5
TR03299,C9,2456,2457,SOFT,7
TR03300,C10,2460,2461,SOFT,5
TR03301,C1,2440,2442,HARD,10
TR03302,C2,2443,2445,SOFT,1
TR03303,C3,2447,2448,SOFT,1
TR03304,C4,2449,2450,SOFT,1
TR03305,C5,2453,2454,SOFT,3
TR03306,C6,2456,2457,HARD,10
TR03307,C7,2459,2460,SOFT,7
TR03308,C8,2462,2464,SOFT,5
TR03309,C9,2464,2465,SOFT,7
TR03310,C10,2467,2468,SOFT,3
TR03311,C1,2448,2450,HARD,10
TR03312,C2,2452,2453,SOFT,7
TR03313,C3,2454,2455,SOFT,7
TR03314,C4,2457,2459,SOFT,7
TR03315,C5,2460,2462,SOFT,7
TR03316,C6,2463,2464,HARD,10
TR03317,C7,2467,2469,SOFT,3
TR03318,C8,2469,2470,SOFT,3
TR03319,C9,2472,2474,SOFT,7
TR03320,C10,2476,2477,SOFT,1
TR03321,C1,2456,2457,HARD,10
TR03322,C2,2459,2461,SOFT,3
TR03323,C3,2462,2464,SOFT,1
TR03324,C4,2465,2467,SOFT,3
TR03325,C5,2469,2470,SOFT,1
TR03326,C6,2471,2472,HARD,10
TR03327,C7,2474,2476,SOFT,1
TR03328,C8,2478,2480,SOFT,5
TR03329,C9,2480,2482,SOFT,3
TR03330,C10,2484,2486,SOFT,7
TR03331,C1,2464,2465,HARD,10
TR03332,C2,2467,2469,SOFT,7
TR03333,C3,2470,2471,SOFT,3
TR03334,C4,2474,2476,SOFT,5
TR03335,C5,2476,2478,SOFT,5
TR03336,C6,2480,2481,HARD,10
TR03337,C7,2483,2484,SOFT,3
TR03338,C8,2485,2486,SOFT,1
TR03339,C9,2488,2489,SOFT,7
TR03340,C10,2492,2493,SOFT,1
TR03341,C1,2473,2475,HARD,10
TR03342,C2,2475,2476,SOFT,1
TR03343,C3,2479,2480,SOFT,5
TR03344,C4,2481,2483,SOFT,1
TR03345,C5,2485,2486,SOFT,5
TR03346,C6,2487,2488,HARD,10
TR03347,C7,2490,2491,SOFT,1
TR03348,C8,2494,2495,SOFT,1
TR03349,C9,2400,2402,SOFT,1
TR03350,C10,2404,2406,SOFT,3
TR03351,C1,2480,2482,HARD,10
TR03352,C2,2484,2485,SOFT,3
TR03353,C3,2486,2488,SOFT,5
TR03354,C4,2489,2490,SOFT,3
TR03355,C5,2492,2493,SOFT,3
TR03356,C6,2494,2495,HARD,10
TR03357,C7,2403,2404,SOFT,1
TR03358,C8,2406,2407,SOFT,3
TR03359,C9,2408,2410,SOFT,7
TR03360,C10,2412,2413,SOFT,1
TR03361,C1,2488,2490,HARD,10
TR03362,C2,2492,2493,SOFT,1
TR03363,C3,2494,2495,SOFT,5
TR03364,C4,2401,2403,SOFT,7
TR03365,C5,2404,2406,SOFT,3
TR03366,C6,2407,2408,HARD,10
TR03367,C7,2410,2412,SOFT,1
TR03368,C8,2414,2415,SOFT,1
TR03369,C9,2416,2418,SOFT,5
TR03370,C10,2420,2422,SOFT,7
TR03371,C1,2401,2402,HARD,10
TR03372,C2,2403,2404,SOFT,5
TR03373,C3,2407,2408,SOFT,3
TR03374,C4,2410,2412,SOFT,3
TR03375,C5,2412,2414,SOFT,1
TR03376,C6,2415,2416,HARD,10
TR03377,C7,2418,2420,SOFT,1
TR03378,C8,2421,2422,SOFT,5
TR03379,C9,2425,2427,SOFT,3
TR03380,C10,2427,2429,SOFT,1
TR03381,C1,2497,2499,SOFT,5
TR03382,C2,2500,2502,SOFT,3
TR03383,C3,2502,2504,SOFT,5
TR03384,C4,2505,2506,SOFT,1
TR03385,C5,2509,2510,HARD,10
TR03386,C6,2512,2514,SOFT,3
TR03387,C7,2514,2515,SOFT,1
TR03388,C8,2517,2518,SOFT,1
TR03389,C9,2521,2523,SOFT,7
TR03390,C10,2523,2524,HARD,10
TR03391,C1,2504,2506,SOFT,5
TR03392,C2,2507,2509,SOFT,1
TR03393,C3,2510,2511,SOFT,7
TR03394,C4,2513,2515,SOFT,5
TR03395,C5,2516,2517,HARD,10
TR03396,C6,2519,2521,SOFT,1
TR03397,C7,2523,2524,SOFT,5
TR03398,C8,2525,2526,SOFT,1
TR03399,C9,2528,2529,SOFT,5
TR03400,C10,2531,2532,HARD,10
TR03401,C1,2513,2514,SOFT,5
TR03402,C2,2515,2517,SOFT,1
TR03403,C3,2518,2520,SOFT,3
TR03404,C4,2521,2523,SOFT,1
TR03405,C5,2524,2526,HARD,10
TR03406,C6,2527,2528,SOFT,3
TR03407,C7,2530,2532,SOFT,7
TR03408,C8,2534,2535,SOFT,3
TR03409,C9,2537,2539,SOFT,7
TR03410,C10,2539,2540,HARD,10
TR03411,C1,2520,2522,SOFT,7
TR03412,C2,2524,2525,SOFT,5
TR03413,C3,2526,2527,SOFT,1
TR03414,C4,2530,2531,SOFT,7
TR03415,C5,2532,2534,HARD,10
TR03416,C6,2535,2536,SOFT,5
TR03417,C7,2539,2541,SOFT,3
TR03418,C8,2541,2542,SOFT,3
TR03419,C9,2544,2545,SOFT,3
TR03420,C10,2547,2549,HARD,10
TR03421,C1,2529,2531,SOFT,3
TR03422,C2,2532,2534,SOFT,3
TR03423,C3,2534,2535,SOFT,1
TR03424,C4,2538,2539,SOFT,7
TR03425,C5,2541,2543,HARD,10
TR03426,C6,2543,2545,SOFT,7
TR03427,C7,2546,2548,SOFT,3
TR03428,C8,2549,2550,SOFT,3
TR03429,C9,2553,2554,SOFT,1
TR03430,C10,2556,2557,HARD,10
TR03431,C1,2536,2537,SOFT,5
TR03432,C2,2539,2541,SOFT,3
TR03433,C3,2542,2543,SOFT,5
TR03434,C4,2545,2546,SOFT,1
TR03435,C5,2548,2550,HARD,10
TR03436,C6,2551,2553,SOFT,7
TR03437,C7,2554,2555,SOFT,7
TR03438,C8,2557,2558,SOFT,3
TR03439,C9,2560,2561,SOFT,1
TR03440,C10,2563,2565,HARD,10
TR03441,C1,2544,2546,SOFT,7
TR03442,C2,2547,2549,SOFT,3
TR03443,C3,2550,2552,SOFT,1
TR03444,C4,2553,2555,SOFT,1
TR03445,C5,2556,2557,HARD,10
TR03446,C6,2559,2560,SOFT,3
TR03447,C7,2562,2564,SOFT,3
TR03448,C8,2566,2567,SOFT,7
TR03449,C9,2568,2570,SOFT,3
TR03450,C10,2571,2572,HARD,10
TR03451,C1,2552,2554,SOFT,5
TR03452,C2,2555,2557,SOFT,3
TR03453,C3,2559,2561,SOFT,7
TR03454,C4,2561,2563,SOFT,1
TR03455,C5,2564,2565,HARD,10
TR03456,C6,2567,2568,SOFT,7
TR03457,C7,2570,2571,SOFT,7
TR03458,C8,2573,2575,SOFT,1
TR03459,C9,2577,2579,SOFT,5
TR03460,C10,2580,2581,HARD,10
TR03461,C1,2560,2561,SOFT,5
TR03462,C2,2563,2564,SOFT,1
TR03463,C3,2567,2569,SOFT,5
TR03464,C4,2570,2572,SOFT,3
TR03465,C5,2572,2574,HARD,10
TR03466,C6,2575,2576,SOFT,3
TR03467,C7,2578,2579,SOFT,3
TR03468,C8,2581,2582,SOFT,1
TR03469,C9,2584,2585,SOFT,5
TR03470,C10,2587,2589,HARD,10
TR03471,C1,2568,2569,SOFT,5
TR03472,C2,2571,2573,SOFT,1
TR03473,C3,2574,2576,SOFT,1
TR03474,C4,2577,2579,SOFT,7
TR03475,C5,2580,2582,HARD,10
TR03476,C6,2584,2585,SOFT,1
TR03477,C7,2586,2588,SOFT,7
TR03478,C8,2590,2592,SOFT,7
TR03479,C9,2496,2498,SOFT,1
TR03480,C10,2499,2500,HARD,10
TR03481,C1,2577,2579,SOFT,1
TR03482,C2,2580,2582,SOFT,7
TR03483,C3,2582,2583,SOFT,7
TR03484,C4,2585,2587,SOFT,7
TR03485,C5,2588,2589,HARD,10
TR03486,C6,2590,2592,SOFT,1
TR03487,C7,2498,2499,SOFT,1
TR03488,C8,2501,2503,SOFT,5
TR03489,C9,2504,2505,SOFT,5
TR03490,C10,2507,2508,HARD,10
TR03491,C1,2584,2585,SOFT,7
TR03492,C2,2587,2588,SOFT,7
TR03493,C3,2590,2591,SOFT,7
TR03494,C4,2497,2498,SOFT,5
TR03495,C5,2500,2501,HARD,10
TR03496,C6,2504,2506,SOFT,1
TR03497,C7,2507,2508,SOFT,3
TR03498,C8,2510,2512,SOFT,1
TR03499,C9,2512,2514,SOFT,3
TR03500,C10,2516,2517,HARD,10
TR03501,C1,2497,2499,SOFT,3
TR03502,C2,2499,2501,SOFT,3
TR03503,C3,2502,2504,SOFT,7
TR03504,C4,2506,2508,SOFT,3
TR03505,C5,2508,2510,HARD,10
TR03506,C6,2511,2513,SOFT,3
TR03507,C7,2514,2516,SOFT,3
TR03508,C8,2517,2518,SOFT,1
TR03509,C9,2520,2521,SOFT,1
TR03510,C10,2523,2525,HARD,10
TR03511,C1,2592,2593,SOFT,3
TR03512,C2,2596,2598,SOFT,7
TR03513,C3,2598,2599,SOFT,7
TR03514,C4,2601,2603,HARD,10
TR03515,C5,2604,2605,SOFT,5
TR03516,C6,2607,2608,SOFT,1
TR03517,C7,2610,2612,SOFT,5
TR03518,C8,2614,2616,SOFT,5
TR03519,C9,2616,2618,HARD,10
TR03520,C10,2619,2621,SOFT,1
TR03521,C1,2600,2602,SOFT,1
TR03522,C2,2603,2604,SOFT,5
TR03523,C3,2607,2609,SOFT,7
TR03524,C4,2609,2611,HARD,10
TR03525,C5,2613,2614,SOFT,7
TR03526,C6,2616,2618,SOFT,1
TR03527,C7,2618,2619,SOFT,1
TR03528,C8,2621,2623,SOFT,7
TR03529,C9,2625,2626,HARD,10
TR03530,C10,2627,2628,SOFT,1
TR03531,C1,2608,2609,SOFT,7
TR03532,C2,2611,2613,SOFT,5
TR03533,C3,2614,2616,SOFT,7
TR03534,C4,2618,2620,HARD,10
TR03535,C5,2620,2621,SOFT,5
TR03536,C6,2623,2625,SOFT,5
TR03537,C7,2627,2628,SOFT,7
TR03538,C8,2629,2630,SOFT,5
TR03539,C9,2632,2634,HARD,10
TR03540,C10,2635,2636,SOFT,3
TR03541,C1,2616,2617,SOFT,1
TR03542,C2,2619,2621,SOFT,5
TR03543,C3,2623,2625,SOFT,5
TR03544,C4,2625,2626,HARD,10
TR03545,C5,2628,2629,SOFT,5
TR03546,C6,2631,2632,SOFT,3
TR03547,C7,2635,2636,SOFT,7
TR03548,C8,2637,2638,SOFT,7
TR03549,C9,2641,2643,HARD,10
TR03550,C10,2643,2645,SOFT,5
TR03551,C1,2624,2625,SOFT,1
TR03552,C2,2627,2628,SOFT,3
TR03553,C3,2631,2632,SOFT,3
TR03554,C4,2634,2636,HARD,10
TR03555,C5,2637,2638,SOFT,3
TR03556,C6,2639,2641,SOFT,5
TR03557,C7,2642,2644,SOFT,5
TR03558,C8,2646,2647,SOFT,7
TR03559,C9,2649,2651,HARD,10
TR03560,C10,2652,2654,SOFT,5
TR03561,C1,2632,2634,SOFT,1
TR03562,C2,2636,2638,SOFT,1
TR03563,C3,2639,2640,SOFT,5
TR03564,C4,2641,2643,HARD,10
TR03565,C5,2644,2645,SOFT,7
TR03566,C6,2647,2648,SOFT,1
TR03567,C7,2650,2651,SOFT,1
TR03568,C8,2653,2654,SOFT,1
TR03569,C9,2656,2657,HARD,10
TR03570,C10,2660,2661,SOFT,5
TR03571,C1,2640,2641,SOFT,3
TR03572,C2,2643,2644,SOFT,3
TR03573,C3,2646,2647,SOFT,3
TR03574,C4,2650,2652,HARD,10
TR03575,C5,2652,2653,SOFT,7
TR03576,C6,2655,2656,SOFT,3
TR03577,C7,2658,2660,SOFT,1
TR03578,C8,2661,2662,SOFT,7
TR03579,C9,2664,2665,HARD,10
TR03580,C10,2667,2668,SOFT,7
TR03581,C1,2648,2650,SOFT,7
TR03582,C2,2651,2653,SOFT,5
TR03583,C3,2654,2655,SOFT,5
TR03584,C4,2657,2659,HARD,10
TR03585,C5,2660,2661,SOFT,5
TR03586,C6,2663,2664,SOFT,1
TR03587,C7,2666,2667,SOFT,3
TR03588,C8,2669,2670,SOFT,1
TR03589,C9,2672,2673,HARD,10
TR03590,C10,2675,2676,SOFT,3
TR03591,C1,2657,2658,SOFT,1
TR03592,C2,2659,2661,SOFT,7
TR03593,C3,2662,2664,SOFT,7
TR03594,C4,2665,2667,HARD,10
TR03595,C5,2668,2670,SOFT,3
TR03596,C6,2671,2673,SOFT,3
TR03597,C7,2675,2676,SOFT,5
TR03598,C8,2678,2679,SOFT,3
TR03599,C9,2680,2681,HARD,10
TR03600,C10,2684,2686,SOFT,7
TR03601,C1,2664,2666,SOFT,3
TR03602,C2,2667,2669,SOFT,5
TR03603,C3,2670,2672,SOFT,7
TR03604,C4,2673,2674,HARD,10
TR03605,C5,2676,2678,SOFT,5
TR03606,C6,2679,2681,SOFT,5
TR03607,C7,2682,2683,SOFT,3
TR03608,C8,2685,2686,SOFT,3
TR03609,C9,2593,2595,HARD,10
TR03610,C10,2596,2598,SOFT,1
TR03611,C1,2672,2674,SOFT,7
TR03612,C2,2676,2678,SOFT,3
TR03613,C3,2679,2681,SOFT,3
TR03614,C4,2682,2684,HARD,10
TR03615,C5,2684,2685,SOFT,3
TR03616,C6,2686,2688,SOFT,5
TR03617,C7,2594,2595,SOFT,5
TR03618,C8,2598,2599,SOFT,1
TR03619,C9,2601,2602,HARD,10
TR03620,C10,2604,2605,SOFT,1
TR03621,C1,2681,2682,SOFT,5
TR03622,C2,2684,2686,SOFT,7
TR03623,C3,2686,2688,SOFT,1
TR03624,C4,2593,2595,HARD,10
TR03625,C5,2596,2598,SOFT,7
TR03626,C6,2599,2600,SOFT,7
TR03627,C7,2603,2605,SOFT,5
TR03628,C8,2606,2607,SOFT,5
TR03629,C9,2608,2609,HARD,10
TR03630,C10,2611,2613,SOFT,7
TR03631,C1,2593,2594,SOFT,3
TR03632,C2,2595,2596,SOFT,5
TR03633,C3,2599,2601,SOFT,7
TR03634,C4,2602,2604,HARD,10
TR03635,C5,2604,2605,SOFT,7
TR03636,C6,2608,2610,SOFT,3
TR03637,C7,2610,2612,SOFT,3
TR03638,C8,2613,2615,SOFT,7
TR03639,C9,2616,2617,HARD,10
TR03640,C10,2619,2620,SOFT,3
